"pidm","year","term","total_credits","ge","ge_fte","ge_teach","ge_teach_fte","ge_rsch","ge_rsch_fte","ge_admin","ge_admin_fte","ge_general","ge_general_fte","ge_gen_teach","ge_gen_teach_fte","ge_gen_rsch","ge_gen_rsch_fte","ge_gen_admin","ge_gen_admin_fte","ge_rsch_funded","ge_rsch_funded_fte","dept_fund","dept_fund_fte","support","remission","loan","work_study","fyf","nsf","raymund","lokey","grantschol","general_funded","nsf_diss","sort_term","student_level","department_full"
2732913,"2015","Winter",5,"0",0,"0",0,"0",0,"0",0,"0",0,"0",0,"0",0,"0",0,"0",0,"0",0,"1","0","0","0","0","0","0","0","0","0","0",201502,"Masters","Graduate School"
4281265,"2015","Spring",5,"0",0,"0",0,"0",0,"0",0,"0",0,"0",0,"0",0,"0",0,"0",0,"0",0,"0","0","0","0","0","0","0","0","0","0","0",201503,"Masters","Graduate School"
157104,"2015","Spring",6,"0",0,"0",0,"0",0,"0",0,"0",0,"0",0,"0",0,"0",0,"0",0,"0",0,"0","0","1","0","0","0","0","0","0","0","0",201503,"Masters","Graduate School"
4047087,"2014","Fall",6,"0",0,"0",0,"0",0,"0",0,"0",0,"0",0,"0",0,"0",0,"0",0,"0",0,"1","0","1","0","0","0","0","0","1","0","0",201401,"Masters","Graduate School"
399688,"2014","Fall",6,"0",0,"0",0,"0",0,"0",0,"0",0,"0",0,"0",0,"0",0,"0",0,"0",0,"1","0","0","0","0","0","0","0","1","0","0",201401,"Masters","Graduate School"
2732913,"2016","Fall",5,"0",0,"0",0,"0",0,"0",0,"0",0,"0",0,"0",0,"0",0,"0",0,"0",0,"1","0","0","0","0","0","0","0","1","0","0",201601,"Masters","Graduate School"
4167089,"2015","Fall",11,"0",0,"0",0,"0",0,"0",0,"0",0,"0",0,"0",0,"0",0,"0",0,"0",0,"0","0","1","0","0","0","0","0","0","0","0",201501,"Masters","Graduate School"
4092618,"2015","Fall",6,"0",0,"0",0,"0",0,"0",0,"0",0,"0",0,"0",0,"0",0,"0",0,"0",0,"1","0","1","0","0","0","0","0","0","0","0",201501,"Masters","Graduate School"
4175813,"2014","Spring",3,"0",0,"0",0,"0",0,"0",0,"0",0,"0",0,"0",0,"0",0,"0",0,"0",0,"1","0","0","0","0","0","0","0","1","0","0",201403,"Masters","Graduate School"
4462818,"2018","Winter",5,"0",0,"0",0,"0",0,"0",0,"0",0,"0",0,"0",0,"0",0,"0",0,"0",0,"0","0","1","0","0","0","0","0","0","0","0",201802,"Masters","Graduate School"
4139801,"2015","Fall",6,"0",0,"0",0,"0",0,"0",0,"0",0,"0",0,"0",0,"0",0,"0",0,"0",0,"0","0","0","0","0","0","0","0","0","0","0",201501,"Masters","Graduate School"
3516942,"2016","Spring",5,"0",0,"0",0,"0",0,"0",0,"0",0,"0",0,"0",0,"0",0,"0",0,"0",0,"1","0","0","0","0","0","0","0","1","0","0",201603,"Masters","Graduate School"
4175813,"2016","Fall",5,"0",0,"0",0,"0",0,"0",0,"0",0,"0",0,"0",0,"0",0,"0",0,"0",0,"1","0","1","0","0","0","0","0","1","0","0",201601,"Masters","Graduate School"
4459013,"2017","Spring",6,"0",0,"0",0,"0",0,"0",0,"0",0,"0",0,"0",0,"0",0,"0",0,"0",0,"0","0","0","0","0","0","0","0","0","0","0",201703,"Masters","Graduate School"
4171898,"2015","Winter",6,"0",0,"0",0,"0",0,"0",0,"0",0,"0",0,"0",0,"0",0,"0",0,"0",0,"0","0","1","0","0","0","0","0","0","0","0",201502,"Masters","Graduate School"
3516942,"2014","Spring",6,"0",0,"0",0,"0",0,"0",0,"0",0,"0",0,"0",0,"0",0,"0",0,"0",0,"1","0","0","0","0","0","0","0","1","0","0",201403,"Masters","Graduate School"
4359562,"2016","Fall",5,"0",0,"0",0,"0",0,"0",0,"0",0,"0",0,"0",0,"0",0,"0",0,"0",0,"1","0","0","0","0","0","0","0","1","0","0",201601,"Masters","Graduate School"
4047087,"2015","Fall",3,"0",0,"0",0,"0",0,"0",0,"0",0,"0",0,"0",0,"0",0,"0",0,"0",0,"0","0","0","0","0","0","0","0","0","0","0",201501,"Masters","Graduate School"
4427025,"2017","Winter",5,"0",0,"0",0,"0",0,"0",0,"0",0,"0",0,"0",0,"0",0,"0",0,"0",0,"0","0","0","0","0","0","0","0","0","0","0",201702,"Masters","Graduate School"
381116,"2014","Winter",5,"0",0,"0",0,"0",0,"0",0,"0",0,"0",0,"0",0,"0",0,"0",0,"0",0,"1","0","1","0","0","0","0","0","1","0","0",201402,"Masters","Graduate School"
889591,"2015","Fall",5,"0",0,"0",0,"0",0,"0",0,"0",0,"0",0,"0",0,"0",0,"0",0,"0",0,"0","0","1","0","0","0","0","0","0","0","0",201501,"Masters","Graduate School"
3943751,"2014","Winter",5,"0",0,"0",0,"0",0,"0",0,"0",0,"0",0,"0",0,"0",0,"0",0,"0",0,"1","0","0","0","0","0","0","0","1","0","0",201402,"Masters","Graduate School"
2405407,"2015","Winter",5,"0",0,"0",0,"0",0,"0",0,"0",0,"0",0,"0",0,"0",0,"0",0,"0",0,"0","0","0","0","0","0","0","0","0","0","0",201502,"Masters","Graduate School"
3352431,"2018","Winter",5,"0",0,"0",0,"0",0,"0",0,"0",0,"0",0,"0",0,"0",0,"0",0,"0",0,"0","0","1","0","0","0","0","0","0","0","0",201802,"Masters","Graduate School"
3109509,"2017","Fall",5,"0",0,"0",0,"0",0,"0",0,"0",0,"0",0,"0",0,"0",0,"0",0,"0",0,"0","0","1","0","0","0","0","0","0","0","0",201701,"Masters","Graduate School"
4199245,"2017","Spring",4,"0",0,"0",0,"0",0,"0",0,"0",0,"0",0,"0",0,"0",0,"0",0,"0",0,"0","0","0","0","0","0","0","0","0","0","0",201703,"Masters","Graduate School"
4263693,"2016","Winter",5,"0",0,"0",0,"0",0,"0",0,"0",0,"0",0,"0",0,"0",0,"0",0,"0",0,"1","0","1","0","0","0","0","0","1","0","0",201602,"Masters","Graduate School"
399688,"2014","Winter",5,"0",0,"0",0,"0",0,"0",0,"0",0,"0",0,"0",0,"0",0,"0",0,"0",0,"1","0","0","0","0","0","0","0","1","0","0",201402,"Masters","Graduate School"
4013051,"2015","Spring",3,"0",0,"0",0,"0",0,"0",0,"0",0,"0",0,"0",0,"0",0,"0",0,"0",0,"0","0","0","0","0","0","0","0","0","0","0",201503,"Masters","Graduate School"
3662768,"2016","Winter",5,"0",0,"0",0,"0",0,"0",0,"0",0,"0",0,"0",0,"0",0,"0",0,"0",0,"1","0","0","0","0","0","0","0","1","0","0",201602,"Masters","Graduate School"
4047087,"2014","Winter",5,"0",0,"0",0,"0",0,"0",0,"0",0,"0",0,"0",0,"0",0,"0",0,"0",0,"1","0","0","0","0","0","0","0","1","0","0",201402,"Masters","Graduate School"
4050773,"2014","Fall",6,"0",0,"0",0,"0",0,"0",0,"0",0,"0",0,"0",0,"0",0,"0",0,"0",0,"1","0","0","0","0","0","0","0","1","0","0",201401,"Masters","Graduate School"
4282743,"2017","Spring",6,"0",0,"0",0,"0",0,"0",0,"0",0,"0",0,"0",0,"0",0,"0",0,"0",0,"0","0","1","0","0","0","0","0","0","0","0",201703,"Masters","Graduate School"
2076852,"2018","Winter",5,"0",0,"0",0,"0",0,"0",0,"0",0,"0",0,"0",0,"0",0,"0",0,"0",0,"1","0","0","0","0","0","0","0","0","0","0",201802,"Masters","Graduate School"
4285686,"2017","Spring",5,"0",0,"0",0,"0",0,"0",0,"0",0,"0",0,"0",0,"0",0,"0",0,"0",0,"0","0","0","0","0","0","0","0","0","0","0",201703,"Masters","Graduate School"
4427025,"2018","Winter",6,"0",0,"0",0,"0",0,"0",0,"0",0,"0",0,"0",0,"0",0,"0",0,"0",0,"1","0","0","0","0","0","0","0","0","0","0",201802,"Masters","Graduate School"
2797191,"2017","Spring",5,"0",0,"0",0,"0",0,"0",0,"0",0,"0",0,"0",0,"0",0,"0",0,"0",0,"1","0","0","0","0","0","0","0","0","0","0",201703,"Masters","Graduate School"
157104,"2014","Winter",5,"0",0,"0",0,"0",0,"0",0,"0",0,"0",0,"0",0,"0",0,"0",0,"0",0,"1","0","1","0","0","0","0","0","1","0","0",201402,"Masters","Graduate School"
399688,"2016","Winter",5,"0",0,"0",0,"0",0,"0",0,"0",0,"0",0,"0",0,"0",0,"0",0,"0",0,"1","0","0","0","0","0","0","0","1","0","0",201602,"Masters","Graduate School"
2732913,"2014","Winter",3,"0",0,"0",0,"0",0,"0",0,"0",0,"0",0,"0",0,"0",0,"0",0,"0",0,"1","0","0","0","0","0","0","0","1","0","0",201402,"Masters","Graduate School"
4263693,"2016","Spring",5,"0",0,"0",0,"0",0,"0",0,"0",0,"0",0,"0",0,"0",0,"0",0,"0",0,"1","0","0","0","0","0","0","0","1","0","0",201603,"Masters","Graduate School"
3752089,"2019","Winter",3,"0",0,"0",0,"0",0,"0",0,"0",0,"0",0,"0",0,"0",0,"0",0,"0",0,"0","0","0","0","0","0","0","0","0","0","0",201903,"Masters","Graduate School"
3975524,"2014","Winter",5,"0",0,"0",0,"0",0,"0",0,"0",0,"0",0,"0",0,"0",0,"0",0,"0",0,"1","0","1","0","0","0","0","0","1","0","0",201402,"Masters","Graduate School"
3771535,"2018","Winter",9,"0",0,"0",0,"0",0,"0",0,"0",0,"0",0,"0",0,"0",0,"0",0,"0",0,"1","0","1","0","0","0","0","0","1","0","0",201802,"Masters","Graduate School"
4230044,"2019","Fall",7,"0",0,"0",0,"0",0,"0",0,"0",0,"0",0,"0",0,"0",0,"0",0,"0",0,"0","0","1","0","0","0","0","0","0","0","0",201901,"Masters","Graduate School"
302074,"2014","Winter",5,"0",0,"0",0,"0",0,"0",0,"0",0,"0",0,"0",0,"0",0,"0",0,"0",0,"1","0","1","0","0","0","0","0","1","0","0",201402,"Masters","Graduate School"
4047087,"2014","Spring",5,"0",0,"0",0,"0",0,"0",0,"0",0,"0",0,"0",0,"0",0,"0",0,"0",0,"1","0","0","0","0","0","0","0","1","0","0",201403,"Masters","Graduate School"
4359562,"2018","Winter",5,"0",0,"0",0,"0",0,"0",0,"0",0,"0",0,"0",0,"0",0,"0",0,"0",0,"0","0","0","0","0","0","0","0","0","0","0",201802,"Masters","Graduate School"
4462818,"2018","Winter",5,"0",0,"0",0,"0",0,"0",0,"0",0,"0",0,"0",0,"0",0,"0",0,"0",0,"0","0","0","0","0","0","0","0","0","0","0",201802,"Masters","Graduate School"
4072796,"2014","Winter",5,"0",0,"0",0,"0",0,"0",0,"0",0,"0",0,"0",0,"0",0,"0",0,"0",0,"1","0","0","0","0","0","0","0","1","0","0",201402,"Masters","Graduate School"
3771535,"2017","Fall",14,"0",0,"0",0,"0",0,"0",0,"0",0,"0",0,"0",0,"0",0,"0",0,"0",0,"0","0","1","0","0","0","0","0","0","0","0",201701,"Masters","Graduate School"
4197850,"2017","Spring",5,"0",0,"0",0,"0",0,"0",0,"0",0,"0",0,"0",0,"0",0,"0",0,"0",0,"0","0","0","0","0","0","0","0","0","0","0",201703,"Masters","Graduate School"
4149111,"2016","Winter",3,"0",0,"0",0,"0",0,"0",0,"0",0,"0",0,"0",0,"0",0,"0",0,"0",0,"1","0","0","0","0","0","0","0","1","0","0",201602,"Masters","Graduate School"
157104,"2015","Fall",6,"0",0,"0",0,"0",0,"0",0,"0",0,"0",0,"0",0,"0",0,"0",0,"0",0,"0","0","1","0","0","0","0","0","0","0","0",201501,"Masters","Graduate School"
4230044,"2019","Fall",14,"0",0,"0",0,"0",0,"0",0,"0",0,"0",0,"0",0,"0",0,"0",0,"0",0,"0","0","0","0","0","0","0","0","0","0","0",201901,"Masters","Graduate School"
4092618,"2014","Winter",5,"0",0,"0",0,"0",0,"0",0,"0",0,"0",0,"0",0,"0",0,"0",0,"0",0,"1","0","1","0","0","0","0","0","1","0","0",201402,"Masters","Graduate School"
4072796,"2015","Spring",5,"0",0,"0",0,"0",0,"0",0,"0",0,"0",0,"0",0,"0",0,"0",0,"0",0,"1","0","0","0","0","0","0","0","0","0","0",201503,"Masters","Graduate School"
4044468,"2016","Spring",5,"0",0,"0",0,"0",0,"0",0,"0",0,"0",0,"0",0,"0",0,"0",0,"0",0,"1","0","1","0","0","0","0","0","1","0","0",201603,"Masters","Graduate School"
157104,"2015","Winter",5,"0",0,"0",0,"0",0,"0",0,"0",0,"0",0,"0",0,"0",0,"0",0,"0",0,"0","0","1","0","0","0","0","0","0","0","0",201502,"Masters","Graduate School"
4047161,"2015","Winter",5,"0",0,"0",0,"0",0,"0",0,"0",0,"0",0,"0",0,"0",0,"0",0,"0",0,"0","0","1","0","0","0","0","0","0","0","0",201502,"Masters","Graduate School"
3945848,"2014","Winter",8,"0",0,"0",0,"0",0,"0",0,"0",0,"0",0,"0",0,"0",0,"0",0,"0",0,"1","0","1","0","0","0","0","0","1","0","0",201402,"Masters","Graduate School"
3959904,"2014","Winter",8,"0",0,"0",0,"0",0,"0",0,"0",0,"0",0,"0",0,"0",0,"0",0,"0",0,"1","0","1","0","0","0","0","0","1","0","0",201402,"Masters","Graduate School"
4171898,"2016","Spring",5,"0",0,"0",0,"0",0,"0",0,"0",0,"0",0,"0",0,"0",0,"0",0,"0",0,"1","0","1","0","0","0","0","0","1","0","0",201603,"Masters","Graduate School"
4159756,"2015","Winter",5,"0",0,"0",0,"0",0,"0",0,"0",0,"0",0,"0",0,"0",0,"0",0,"0",0,"0","0","1","0","0","0","0","0","0","0","0",201502,"Masters","Graduate School"
4385085,"2017","Spring",5,"0",0,"0",0,"0",0,"0",0,"0",0,"0",0,"0",0,"0",0,"0",0,"0",0,"0","0","0","0","0","0","0","0","0","0","0",201703,"Masters","Graduate School"
3950855,"2014","Winter",5,"0",0,"0",0,"0",0,"0",0,"0",0,"0",0,"0",0,"0",0,"0",0,"0",0,"1","0","1","0","0","0","0","0","1","0","0",201402,"Masters","Graduate School"
3365248,"2015","Spring",5,"0",0,"0",0,"0",0,"0",0,"0",0,"0",0,"0",0,"0",0,"0",0,"0",0,"0","0","0","0","0","0","0","0","0","0","0",201503,"Masters","Graduate School"
4459013,"2019","Spring",5,"0",0,"0",0,"0",0,"0",0,"0",0,"0",0,"0",0,"0",0,"0",0,"0",0,"0","0","0","0","0","0","0","0","0","0","0",201902,"Masters","Graduate School"
2861501,"2017","Winter",5,"0",0,"0",0,"0",0,"0",0,"0",0,"0",0,"0",0,"0",0,"0",0,"0",0,"1","0","1","0","0","0","0","0","0","0","0",201702,"Masters","Graduate School"
4077172,"2015","Spring",5,"0",0,"0",0,"0",0,"0",0,"0",0,"0",0,"0",0,"0",0,"0",0,"0",0,"0","0","1","0","0","0","0","0","0","0","0",201503,"Masters","Graduate School"
2861501,"2016","Winter",5,"0",0,"0",0,"0",0,"0",0,"0",0,"0",0,"0",0,"0",0,"0",0,"0",0,"1","0","1","0","0","0","0","0","1","0","0",201602,"Masters","Graduate School"
2797191,"2016","Spring",5,"0",0,"0",0,"0",0,"0",0,"0",0,"0",0,"0",0,"0",0,"0",0,"0",0,"1","0","0","0","0","0","0","0","1","0","0",201603,"Masters","Graduate School"
302074,"2014","Spring",5,"0",0,"0",0,"0",0,"0",0,"0",0,"0",0,"0",0,"0",0,"0",0,"0",0,"1","0","1","0","0","0","0","0","1","0","0",201403,"Masters","Graduate School"
4284768,"2016","Winter",5,"0",0,"0",0,"0",0,"0",0,"0",0,"0",0,"0",0,"0",0,"0",0,"0",0,"1","0","0","0","0","0","0","0","1","0","0",201602,"Masters","Graduate School"
4285686,"2016","Winter",5,"0",0,"0",0,"0",0,"0",0,"0",0,"0",0,"0",0,"0",0,"0",0,"0",0,"1","0","0","0","0","0","0","0","1","0","0",201602,"Masters","Graduate School"
4385085,"2018","Winter",3,"0",0,"0",0,"0",0,"0",0,"0",0,"0",0,"0",0,"0",0,"0",0,"0",0,"0","0","0","0","0","0","0","0","0","0","0",201802,"Masters","Graduate School"
3973590,"2014","Winter",5,"0",0,"0",0,"0",0,"0",0,"0",0,"0",0,"0",0,"0",0,"0",0,"0",0,"1","0","1","0","0","0","0","0","1","0","0",201402,"Masters","Graduate School"
3662768,"2015","Winter",5,"0",0,"0",0,"0",0,"0",0,"0",0,"0",0,"0",0,"0",0,"0",0,"0",0,"0","0","0","0","0","0","0","0","0","0","0",201502,"Masters","Graduate School"
66532,"2014","Spring",6,"0",0,"0",0,"0",0,"0",0,"0",0,"0",0,"0",0,"0",0,"0",0,"0",0,"1","0","0","0","0","0","0","0","1","0","0",201403,"Masters","Graduate School"
2959348,"2014","Spring",5,"0",0,"0",0,"0",0,"0",0,"0",0,"0",0,"0",0,"0",0,"0",0,"0",0,"1","0","0","0","0","0","0","0","1","0","0",201403,"Masters","Graduate School"
3950855,"2014","Fall",6,"0",0,"0",0,"0",0,"0",0,"0",0,"0",0,"0",0,"0",0,"0",0,"0",0,"1","0","1","0","0","0","0","0","1","0","0",201401,"Masters","Graduate School"
4036695,"2016","Spring",5,"0",0,"0",0,"0",0,"0",0,"0",0,"0",0,"0",0,"0",0,"0",0,"0",0,"1","0","1","0","0","0","0","0","1","0","0",201603,"Masters","Graduate School"
4282743,"2015","Spring",6,"0",0,"0",0,"0",0,"0",0,"0",0,"0",0,"0",0,"0",0,"0",0,"0",0,"0","0","0","0","0","0","0","0","0","0","0",201503,"Masters","Graduate School"
4139801,"2014","Fall",5,"0",0,"0",0,"0",0,"0",0,"0",0,"0",0,"0",0,"0",0,"0",0,"0",0,"1","0","0","0","0","0","0","0","1","0","0",201401,"Masters","Graduate School"
2744013,"2014","Winter",3,"0",0,"0",0,"0",0,"0",0,"0",0,"0",0,"0",0,"0",0,"0",0,"0",0,"1","0","0","0","0","0","0","0","1","0","0",201402,"Masters","Graduate School"
4230044,"2017","Spring",14,"0",0,"0",0,"0",0,"0",0,"0",0,"0",0,"0",0,"0",0,"0",0,"0",0,"0","0","1","0","0","0","0","0","0","0","0",201703,"Masters","Graduate School"
4139839,"2014","Winter",5,"0",0,"0",0,"0",0,"0",0,"0",0,"0",0,"0",0,"0",0,"0",0,"0",0,"1","0","0","0","0","0","0","0","1","0","0",201402,"Masters","Graduate School"
4149111,"2014","Fall",5,"0",0,"0",0,"0",0,"0",0,"0",0,"0",0,"0",0,"0",0,"0",0,"0",0,"1","0","0","0","0","0","0","0","1","0","0",201401,"Masters","Graduate School"
4255287,"2017","Fall",7,"0",0,"0",0,"0",0,"0",0,"0",0,"0",0,"0",0,"0",0,"0",0,"0",0,"0","0","1","0","0","0","0","0","0","0","0",201701,"Masters","Graduate School"
4263693,"2017","Winter",8,"0",0,"0",0,"0",0,"0",0,"0",0,"0",0,"0",0,"0",0,"0",0,"0",0,"0","0","1","0","0","0","0","0","0","0","0",201702,"Masters","Graduate School"
2405407,"2014","Spring",5,"0",0,"0",0,"0",0,"0",0,"0",0,"0",0,"0",0,"0",0,"0",0,"0",0,"1","0","0","0","0","0","0","0","1","0","0",201403,"Masters","Graduate School"
4263693,"2018","Winter",5,"0",0,"0",0,"0",0,"0",0,"0",0,"0",0,"0",0,"0",0,"0",0,"0",0,"0","0","1","0","0","0","0","0","0","0","0",201802,"Masters","Graduate School"
2732913,"2014","Fall",6,"0",0,"0",0,"0",0,"0",0,"0",0,"0",0,"0",0,"0",0,"0",0,"0",0,"1","0","0","0","0","0","0","0","1","0","0",201401,"Masters","Graduate School"
4263693,"2015","Winter",5,"0",0,"0",0,"0",0,"0",0,"0",0,"0",0,"0",0,"0",0,"0",0,"0",0,"0","0","0","0","0","0","0","0","0","0","0",201502,"Masters","Graduate School"
4047161,"2015","Winter",5,"0",0,"0",0,"0",0,"0",0,"0",0,"0",0,"0",0,"0",0,"0",0,"0",0,"0","0","0","0","0","0","0","0","0","0","0",201502,"Masters","Graduate School"
399688,"2016","Spring",5,"0",0,"0",0,"0",0,"0",0,"0",0,"0",0,"0",0,"0",0,"0",0,"0",0,"1","0","0","0","0","0","0","0","1","0","0",201603,"Masters","Graduate School"
3662768,"2016","Winter",5,"0",0,"0",0,"0",0,"0",0,"0",0,"0",0,"0",0,"0",0,"0",0,"0",0,"1","0","0","0","0","0","0","0","1","0","0",201602,"Masters","Graduate School"
4536347,"2019","Winter",10,"0",0,"0",0,"0",0,"0",0,"0",0,"0",0,"0",0,"0",0,"0",0,"0",0,"0","0","0","0","0","0","0","0","0","0","0",201903,"Masters","Graduate School"
381116,"2015","Fall",6,"0",0,"0",0,"0",0,"0",0,"0",0,"0",0,"0",0,"0",0,"0",0,"0",0,"0","0","1","0","0","0","0","0","0","0","0",201501,"Masters","Graduate School"
4049155,"2014","Fall",6,"0",0,"0",0,"0",0,"0",0,"0",0,"0",0,"0",0,"0",0,"0",0,"0",0,"1","0","1","0","0","0","0","0","1","0","0",201401,"Masters","Graduate School"
753027,"2014","Winter",5,"0",0,"0",0,"0",0,"0",0,"0",0,"0",0,"0",0,"0",0,"0",0,"0",0,"1","0","1","0","0","0","0","0","1","0","0",201402,"Masters","Graduate School"
2769940,"2014","Fall",6,"0",0,"0",0,"0",0,"0",0,"0",0,"0",0,"0",0,"0",0,"0",0,"0",0,"1","0","0","0","0","0","0","0","1","0","0",201401,"Masters","Graduate School"
4241140,"2017","Fall",6,"0",0,"0",0,"0",0,"0",0,"0",0,"0",0,"0",0,"0",0,"0",0,"0",0,"0","0","0","0","0","0","0","0","0","0","0",201701,"Masters","Graduate School"
4359562,"2016","Winter",5,"0",0,"0",0,"0",0,"0",0,"0",0,"0",0,"0",0,"0",0,"0",0,"0",0,"1","0","0","0","0","0","0","0","1","0","0",201602,"Masters","Graduate School"
4361379,"2016","Fall",5,"0",0,"0",0,"0",0,"0",0,"0",0,"0",0,"0",0,"0",0,"0",0,"0",0,"1","0","1","0","0","0","0","0","1","0","0",201601,"Masters","Graduate School"
4074763,"2014","Winter",5,"0",0,"0",0,"0",0,"0",0,"0",0,"0",0,"0",0,"0",0,"0",0,"0",0,"1","0","1","0","0","0","0","0","1","0","0",201402,"Masters","Graduate School"
4050773,"2014","Spring",6,"0",0,"0",0,"0",0,"0",0,"0",0,"0",0,"0",0,"0",0,"0",0,"0",0,"1","0","0","0","0","0","0","0","1","0","0",201403,"Masters","Graduate School"
4357192,"2017","Winter",5,"0",0,"0",0,"0",0,"0",0,"0",0,"0",0,"0",0,"0",0,"0",0,"0",0,"1","0","0","0","0","0","0","0","0","0","0",201702,"Masters","Graduate School"
4383759,"2017","Spring",6,"0",0,"0",0,"0",0,"0",0,"0",0,"0",0,"0",0,"0",0,"0",0,"0",0,"0","0","0","0","0","0","0","0","0","0","0",201703,"Masters","Graduate School"
3204458,"2015","Fall",6,"0",0,"0",0,"0",0,"0",0,"0",0,"0",0,"0",0,"0",0,"0",0,"0",0,"0","0","1","0","0","0","0","0","0","0","0",201501,"Masters","Graduate School"
4013051,"2017","Spring",5,"0",0,"0",0,"0",0,"0",0,"0",0,"0",0,"0",0,"0",0,"0",0,"0",0,"0","0","0","0","0","0","0","0","0","0","0",201703,"Masters","Graduate School"
4281265,"2017","Fall",5,"0",0,"0",0,"0",0,"0",0,"0",0,"0",0,"0",0,"0",0,"0",0,"0",0,"0","0","1","0","0","0","0","0","0","0","0",201701,"Masters","Graduate School"
399688,"2017","Winter",5,"0",0,"0",0,"0",0,"0",0,"0",0,"0",0,"0",0,"0",0,"0",0,"0",0,"0","0","0","0","0","0","0","0","0","0","0",201702,"Masters","Graduate School"
3973590,"2014","Spring",5,"0",0,"0",0,"0",0,"0",0,"0",0,"0",0,"0",0,"0",0,"0",0,"0",0,"1","0","0","0","0","0","0","0","1","0","0",201403,"Masters","Graduate School"
2911332,"2014","Spring",6,"0",0,"0",0,"0",0,"0",0,"0",0,"0",0,"0",0,"0",0,"0",0,"0",0,"1","0","0","0","0","0","0","0","1","0","0",201403,"Masters","Graduate School"
3352431,"2018","Fall",5,"0",0,"0",0,"0",0,"0",0,"0",0,"0",0,"0",0,"0",0,"0",0,"0",0,"1","0","1","0","0","0","0","0","1","0","0",201801,"Masters","Graduate School"
4167089,"2014","Winter",9,"0",0,"0",0,"0",0,"0",0,"0",0,"0",0,"0",0,"0",0,"0",0,"0",0,"0","0","1","0","0","0","0","0","0","0","0",201402,"Masters","Graduate School"
4049155,"2014","Fall",6,"0",0,"0",0,"0",0,"0",0,"0",0,"0",0,"0",0,"0",0,"0",0,"0",0,"1","0","1","0","0","0","0","0","1","0","0",201401,"Masters","Graduate School"
4137970,"2016","Spring",3,"0",0,"0",0,"0",0,"0",0,"0",0,"0",0,"0",0,"0",0,"0",0,"0",0,"1","0","0","0","0","0","0","0","1","0","0",201603,"Masters","Graduate School"
66532,"2015","Fall",6,"0",0,"0",0,"0",0,"0",0,"0",0,"0",0,"0",0,"0",0,"0",0,"0",0,"0","0","0","0","0","0","0","0","0","0","0",201501,"Masters","Graduate School"
3365248,"2015","Spring",6,"0",0,"0",0,"0",0,"0",0,"0",0,"0",0,"0",0,"0",0,"0",0,"0",0,"1","0","0","0","0","0","0","0","0","0","0",201503,"Masters","Graduate School"
4167089,"2014","Winter",9,"0",0,"0",0,"0",0,"0",0,"0",0,"0",0,"0",0,"0",0,"0",0,"0",0,"0","0","1","0","0","0","0","0","0","0","0",201402,"Masters","Graduate School"
889591,"2014","Winter",5,"0",0,"0",0,"0",0,"0",0,"0",0,"0",0,"0",0,"0",0,"0",0,"0",0,"1","0","1","0","0","0","0","0","1","0","0",201402,"Masters","Graduate School"
3658914,"2019","Winter",3,"0",0,"0",0,"0",0,"0",0,"0",0,"0",0,"0",0,"0",0,"0",0,"0",0,"0","0","0","0","0","0","0","0","0","0","0",201902,"Masters","Graduate School"
4047087,"2014","Winter",5,"0",0,"0",0,"0",0,"0",0,"0",0,"0",0,"0",0,"0",0,"0",0,"0",0,"1","0","1","0","0","0","0","0","1","0","0",201402,"Masters","Graduate School"
4175813,"2015","Spring",5,"0",0,"0",0,"0",0,"0",0,"0",0,"0",0,"0",0,"0",0,"0",0,"0",0,"0","0","1","0","0","0","0","0","0","0","0",201503,"Masters","Graduate School"
2717990,"2014","Spring",6,"0",0,"0",0,"0",0,"0",0,"0",0,"0",0,"0",0,"0",0,"0",0,"0",0,"1","0","0","0","0","0","0","0","1","0","0",201403,"Masters","Graduate School"
3352431,"2017","Fall",5,"0",0,"0",0,"0",0,"0",0,"0",0,"0",0,"0",0,"0",0,"0",0,"0",0,"0","0","1","0","0","0","0","0","0","0","0",201701,"Masters","Graduate School"
4241140,"2015","Spring",11,"1",0.4,"1",0.4,"0",0,"0",0,"1",0.4,"1",0.4,"0",0,"0",0,"0",0,"0",0,"0","0","1","0","0","0","0","0","0","0","0",201503,"Masters","Graduate School"
4285686,"2015","Winter",5,"0",0,"0",0,"0",0,"0",0,"0",0,"0",0,"0",0,"0",0,"0",0,"0",0,"0","0","0","0","0","0","0","0","0","0","0",201502,"Masters","Graduate School"
4092618,"2015","Fall",6,"0",0,"0",0,"0",0,"0",0,"0",0,"0",0,"0",0,"0",0,"0",0,"0",0,"0","0","1","0","0","0","0","0","0","0","0",201501,"Masters","Graduate School"
4357192,"2017","Winter",5,"0",0,"0",0,"0",0,"0",0,"0",0,"0",0,"0",0,"0",0,"0",0,"0",0,"1","0","0","0","0","0","0","0","0","0","0",201702,"Masters","Graduate School"
3920832,"2014","Fall",9,"0",0,"0",0,"0",0,"0",0,"0",0,"0",0,"0",0,"0",0,"0",0,"0",0,"0","0","0","0","0","0","0","0","0","0","0",201401,"Masters","Graduate School"
3352431,"2017","Winter",5,"0",0,"0",0,"0",0,"0",0,"0",0,"0",0,"0",0,"0",0,"0",0,"0",0,"1","0","1","0","0","0","0","0","1","0","0",201702,"Masters","Graduate School"
3967942,"2015","Fall",6,"0",0,"0",0,"0",0,"0",0,"0",0,"0",0,"0",0,"0",0,"0",0,"0",0,"0","0","1","0","0","0","0","0","0","0","0",201501,"Masters","Graduate School"
3216298,"2014","Spring",5,"0",0,"0",0,"0",0,"0",0,"0",0,"0",0,"0",0,"0",0,"0",0,"0",0,"1","0","0","0","0","0","0","0","1","0","0",201403,"Masters","Graduate School"
4285686,"2015","Winter",5,"0",0,"0",0,"0",0,"0",0,"0",0,"0",0,"0",0,"0",0,"0",0,"0",0,"0","0","0","0","0","0","0","0","0","0","0",201502,"Masters","Graduate School"
2769940,"2016","Fall",5,"0",0,"0",0,"0",0,"0",0,"0",0,"0",0,"0",0,"0",0,"0",0,"0",0,"1","0","0","0","0","0","0","0","1","0","0",201601,"Masters","Graduate School"
4066161,"2015","Spring",3,"0",0,"0",0,"0",0,"0",0,"0",0,"0",0,"0",0,"0",0,"0",0,"0",0,"0","0","0","0","0","0","0","0","0","0","0",201503,"Masters","Graduate School"
4270921,"2015","Winter",5,"0",0,"0",0,"0",0,"0",0,"0",0,"0",0,"0",0,"0",0,"0",0,"0",0,"0","0","1","0","0","0","0","0","0","0","0",201502,"Masters","Graduate School"
4072796,"2015","Spring",5,"0",0,"0",0,"0",0,"0",0,"0",0,"0",0,"0",0,"0",0,"0",0,"0",0,"1","0","1","0","0","0","0","0","0","0","0",201503,"Masters","Graduate School"
4174504,"2015","Fall",6,"0",0,"0",0,"0",0,"0",0,"0",0,"0",0,"0",0,"0",0,"0",0,"0",0,"0","0","1","0","0","0","0","0","0","0","0",201501,"Masters","Graduate School"
3109509,"2016","Winter",5,"0",0,"0",0,"0",0,"0",0,"0",0,"0",0,"0",0,"0",0,"0",0,"0",0,"1","0","1","0","0","0","0","0","1","0","0",201602,"Masters","Graduate School"
4427025,"2017","Spring",5,"0",0,"0",0,"0",0,"0",0,"0",0,"0",0,"0",0,"0",0,"0",0,"0",0,"1","0","0","0","0","0","0","0","1","0","0",201703,"Masters","Graduate School"
4459013,"2018","Fall",5,"0",0,"0",0,"0",0,"0",0,"0",0,"0",0,"0",0,"0",0,"0",0,"0",0,"1","0","0","0","0","0","0","0","1","0","0",201801,"Masters","Graduate School"
4270921,"2016","Winter",5,"0",0,"0",0,"0",0,"0",0,"0",0,"0",0,"0",0,"0",0,"0",0,"0",0,"1","0","0","0","0","0","0","0","1","0","0",201602,"Masters","Graduate School"
4279548,"2015","Spring",2,"0",0,"0",0,"0",0,"0",0,"0",0,"0",0,"0",0,"0",0,"0",0,"0",0,"0","0","0","0","0","0","0","0","0","0","0",201503,"Masters","Graduate School"
4241140,"2017","Fall",3,"0",0,"0",0,"0",0,"0",0,"0",0,"0",0,"0",0,"0",0,"0",0,"0",0,"0","0","0","0","0","0","0","0","0","0","0",201701,"Masters","Graduate School"
2744013,"2015","Fall",6,"0",0,"0",0,"0",0,"0",0,"0",0,"0",0,"0",0,"0",0,"0",0,"0",0,"1","0","0","0","0","0","0","0","0","0","0",201501,"Masters","Graduate School"
4171898,"2014","Spring",5,"0",0,"0",0,"0",0,"0",0,"0",0,"0",0,"0",0,"0",0,"0",0,"0",0,"1","0","1","0","0","0","0","0","1","0","0",201403,"Masters","Graduate School"
4155066,"2016","Winter",5,"0",0,"0",0,"0",0,"0",0,"0",0,"0",0,"0",0,"0",0,"0",0,"0",0,"1","0","0","0","0","0","0","0","1","0","0",201602,"Masters","Graduate School"
399688,"2017","Spring",5,"0",0,"0",0,"0",0,"0",0,"0",0,"0",0,"0",0,"0",0,"0",0,"0",0,"0","0","0","0","0","0","0","0","0","0","0",201703,"Masters","Graduate School"
4139801,"2014","Spring",6,"0",0,"0",0,"0",0,"0",0,"0",0,"0",0,"0",0,"0",0,"0",0,"0",0,"1","0","0","0","0","0","0","0","1","0","0",201403,"Masters","Graduate School"
2769940,"2016","Winter",5,"0",0,"0",0,"0",0,"0",0,"0",0,"0",0,"0",0,"0",0,"0",0,"0",0,"1","0","0","0","0","0","0","0","1","0","0",201602,"Masters","Graduate School"
3352431,"2018","Winter",5,"0",0,"0",0,"0",0,"0",0,"0",0,"0",0,"0",0,"0",0,"0",0,"0",0,"0","0","1","0","0","0","0","0","0","0","0",201802,"Masters","Graduate School"
4255287,"2016","Fall",6,"0",0,"0",0,"0",0,"0",0,"0",0,"0",0,"0",0,"0",0,"0",0,"0",0,"1","0","1","0","0","0","0","0","1","0","0",201601,"Masters","Graduate School"
4281265,"2017","Winter",5,"0",0,"0",0,"0",0,"0",0,"0",0,"0",0,"0",0,"0",0,"0",0,"0",0,"0","0","1","0","0","0","0","0","0","0","0",201702,"Masters","Graduate School"
4072019,"2014","Spring",6,"0",0,"0",0,"0",0,"0",0,"0",0,"0",0,"0",0,"0",0,"0",0,"0",0,"1","0","0","0","0","0","0","0","1","0","0",201403,"Masters","Graduate School"
3658914,"2019","Spring",3,"0",0,"0",0,"0",0,"0",0,"0",0,"0",0,"0",0,"0",0,"0",0,"0",0,"0","0","0","0","0","0","0","0","0","0","0",201903,"Masters","Graduate School"
157104,"2015","Fall",6,"0",0,"0",0,"0",0,"0",0,"0",0,"0",0,"0",0,"0",0,"0",0,"0",0,"0","0","1","0","0","0","0","0","0","0","0",201501,"Masters","Graduate School"
753027,"2015","Winter",5,"0",0,"0",0,"0",0,"0",0,"0",0,"0",0,"0",0,"0",0,"0",0,"0",0,"0","0","1","0","0","0","0","0","0","0","0",201502,"Masters","Graduate School"
4459013,"2017","Spring",6,"0",0,"0",0,"0",0,"0",0,"0",0,"0",0,"0",0,"0",0,"0",0,"0",0,"0","0","0","0","0","0","0","0","0","0","0",201703,"Masters","Graduate School"
3352431,"2018","Fall",5,"0",0,"0",0,"0",0,"0",0,"0",0,"0",0,"0",0,"0",0,"0",0,"0",0,"1","0","1","0","0","0","0","0","1","0","0",201801,"Masters","Graduate School"
4459013,"2017","Fall",3,"0",0,"0",0,"0",0,"0",0,"0",0,"0",0,"0",0,"0",0,"0",0,"0",0,"0","0","0","0","0","0","0","0","0","0","0",201701,"Masters","Graduate School"
3959904,"2014","Fall",9,"0",0,"0",0,"0",0,"0",0,"0",0,"0",0,"0",0,"0",0,"0",0,"0",0,"0","0","1","0","0","0","0","0","0","0","0",201401,"Masters","Graduate School"
4459013,"2018","Spring",5,"0",0,"0",0,"0",0,"0",0,"0",0,"0",0,"0",0,"0",0,"0",0,"0",0,"1","0","0","0","0","0","0","0","1","0","0",201803,"Masters","Graduate School"
4077172,"2014","Spring",6,"0",0,"0",0,"0",0,"0",0,"0",0,"0",0,"0",0,"0",0,"0",0,"0",0,"1","0","1","0","0","0","0","0","1","0","0",201403,"Masters","Graduate School"
4175813,"2016","Spring",5,"0",0,"0",0,"0",0,"0",0,"0",0,"0",0,"0",0,"0",0,"0",0,"0",0,"1","0","1","0","0","0","0","0","1","0","0",201603,"Masters","Graduate School"
399688,"2016","Spring",3,"0",0,"0",0,"0",0,"0",0,"0",0,"0",0,"0",0,"0",0,"0",0,"0",0,"1","0","0","0","0","0","0","0","1","0","0",201603,"Masters","Graduate School"
4167089,"2016","Fall",11,"0",0,"0",0,"0",0,"0",0,"0",0,"0",0,"0",0,"0",0,"0",0,"0",0,"0","0","0","0","0","0","0","0","0","0","0",201601,"Masters","Graduate School"
4427025,"2017","Winter",5,"0",0,"0",0,"0",0,"0",0,"0",0,"0",0,"0",0,"0",0,"0",0,"0",0,"0","0","0","0","0","0","0","0","0","0","0",201702,"Masters","Graduate School"
4459013,"2018","Fall",5,"0",0,"0",0,"0",0,"0",0,"0",0,"0",0,"0",0,"0",0,"0",0,"0",0,"1","0","0","0","0","0","0","0","1","0","0",201801,"Masters","Graduate School"
4361379,"2017","Spring",6,"0",0,"0",0,"0",0,"0",0,"0",0,"0",0,"0",0,"0",0,"0",0,"0",0,"0","0","1","0","0","0","0","0","0","0","0",201703,"Masters","Graduate School"
3752089,"2018","Winter",5,"0",0,"0",0,"0",0,"0",0,"0",0,"0",0,"0",0,"0",0,"0",0,"0",0,"0","0","1","0","0","0","0","0","0","0","0",201802,"Masters","Graduate School"
4361379,"2018","Fall",6,"0",0,"0",0,"0",0,"0",0,"0",0,"0",0,"0",0,"0",0,"0",0,"0",0,"1","0","1","0","0","0","0","0","1","0","0",201801,"Masters","Graduate School"
2769940,"2016","Winter",3,"0",0,"0",0,"0",0,"0",0,"0",0,"0",0,"0",0,"0",0,"0",0,"0",0,"1","0","0","0","0","0","0","0","1","0","0",201602,"Masters","Graduate School"
399688,"2017","Fall",3,"0",0,"0",0,"0",0,"0",0,"0",0,"0",0,"0",0,"0",0,"0",0,"0",0,"0","0","0","0","0","0","0","0","0","0","0",201701,"Masters","Graduate School"
4167089,"2016","Winter",9,"1",0.4,"1",0.4,"0",0,"0",0,"1",0.4,"1",0.4,"0",0,"0",0,"0",0,"0",0,"0","0","1","0","0","0","0","0","0","0","0",201602,"Masters","Graduate School"
4044468,"2016","Winter",5,"0",0,"0",0,"0",0,"0",0,"0",0,"0",0,"0",0,"0",0,"0",0,"0",0,"1","0","1","0","0","0","0","0","1","0","0",201602,"Masters","Graduate School"
3771535,"2018","Spring",14,"0",0,"0",0,"0",0,"0",0,"0",0,"0",0,"0",0,"0",0,"0",0,"0",0,"0","0","1","0","0","0","0","0","0","0","0",201803,"Masters","Graduate School"
4255287,"2018","Winter",7,"0",0,"0",0,"0",0,"0",0,"0",0,"0",0,"0",0,"0",0,"0",0,"0",0,"1","0","1","0","0","0","0","0","1","0","0",201802,"Masters","Graduate School"
4281265,"2015","Winter",5,"0",0,"0",0,"0",0,"0",0,"0",0,"0",0,"0",0,"0",0,"0",0,"0",0,"1","0","1","0","0","0","0","0","1","0","0",201502,"Masters","Graduate School"
4077172,"2014","Winter",5,"0",0,"0",0,"0",0,"0",0,"0",0,"0",0,"0",0,"0",0,"0",0,"0",0,"1","0","1","0","0","0","0","0","1","0","0",201402,"Masters","Graduate School"
4175813,"2016","Winter",5,"0",0,"0",0,"0",0,"0",0,"0",0,"0",0,"0",0,"0",0,"0",0,"0",0,"1","0","1","0","0","0","0","0","1","0","0",201602,"Masters","Graduate School"
2797191,"2018","Fall",3,"0",0,"0",0,"0",0,"0",0,"0",0,"0",0,"0",0,"0",0,"0",0,"0",0,"1","0","0","0","0","0","0","0","1","0","0",201801,"Masters","Graduate School"
3967942,"2017","Fall",3,"0",0,"0",0,"0",0,"0",0,"0",0,"0",0,"0",0,"0",0,"0",0,"0",0,"1","0","0","0","0","0","0","0","1","0","0",201701,"Masters","Graduate School"
4139801,"2016","Fall",3,"0",0,"0",0,"0",0,"0",0,"0",0,"0",0,"0",0,"0",0,"0",0,"0",0,"1","0","0","0","0","0","0","0","1","0","0",201601,"Masters","Graduate School"
4255287,"2017","Winter",3,"0",0,"0",0,"0",0,"0",0,"0",0,"0",0,"0",0,"0",0,"0",0,"0",0,"1","0","0","0","0","0","0","0","1","0","0",201702,"Masters","Graduate School"
4092618,"2016","Fall",3,"0",0,"0",0,"0",0,"0",0,"0",0,"0",0,"0",0,"0",0,"0",0,"0",0,"1","0","0","0","0","0","0","0","1","0","0",201601,"Masters","Graduate School"
3967942,"2014","Fall",5,"0",0,"0",0,"0",0,"0",0,"0",0,"0",0,"0",0,"0",0,"0",0,"0",0,"1","0","1","0","0","0","0","0","1","0","0",201401,"Masters","Graduate School"
3204458,"2015","Winter",3,"0",0,"0",0,"0",0,"0",0,"0",0,"0",0,"0",0,"0",0,"0",0,"0",0,"1","0","0","0","0","0","0","0","0","0","0",201502,"Masters","Graduate School"
4077172,"2015","Spring",6,"0",0,"0",0,"0",0,"0",0,"0",0,"0",0,"0",0,"0",0,"0",0,"0",0,"0","0","1","0","0","0","0","0","0","0","0",201503,"Masters","Graduate School"
3771535,"2017","Winter",9,"1",0.4,"1",0.4,"0",0,"0",0,"1",0.4,"1",0.4,"0",0,"0",0,"0",0,"0",0,"0","0","1","0","0","0","0","0","0","0","0",201702,"Masters","Graduate School"
4174504,"2016","Fall",8,"0",0,"0",0,"0",0,"0",0,"0",0,"0",0,"0",0,"0",0,"0",0,"0",0,"1","0","1","0","0","0","0","0","1","0","0",201601,"Masters","Graduate School"
4385085,"2016","Spring",5,"0",0,"0",0,"0",0,"0",0,"0",0,"0",0,"0",0,"0",0,"0",0,"0",0,"1","0","0","0","0","0","0","0","1","0","0",201603,"Masters","Graduate School"
4385085,"2017","Fall",2,"0",0,"0",0,"0",0,"0",0,"0",0,"0",0,"0",0,"0",0,"0",0,"0",0,"0","0","0","0","0","0","0","0","0","0","0",201701,"Masters","Graduate School"
3365248,"2016","Spring",5,"0",0,"0",0,"0",0,"0",0,"0",0,"0",0,"0",0,"0",0,"0",0,"0",0,"1","0","0","0","0","0","0","0","1","0","0",201603,"Masters","Graduate School"
4255287,"2015","Spring",5,"0",0,"0",0,"0",0,"0",0,"0",0,"0",0,"0",0,"0",0,"0",0,"0",0,"0","0","0","0","0","0","0","0","0","0","0",201503,"Masters","Graduate School"
4427025,"2018","Winter",5,"0",0,"0",0,"0",0,"0",0,"0",0,"0",0,"0",0,"0",0,"0",0,"0",0,"0","0","0","0","0","0","0","0","0","0","0",201802,"Masters","Graduate School"
4047161,"2015","Spring",5,"0",0,"0",0,"0",0,"0",0,"0",0,"0",0,"0",0,"0",0,"0",0,"0",0,"0","0","1","0","0","0","0","0","0","0","0",201503,"Masters","Graduate School"
4283874,"2017","Fall",5,"0",0,"0",0,"0",0,"0",0,"0",0,"0",0,"0",0,"0",0,"0",0,"0",0,"0","0","1","0","0","0","0","0","0","0","0",201701,"Masters","Graduate School"
3365248,"2015","Spring",6,"0",0,"0",0,"0",0,"0",0,"0",0,"0",0,"0",0,"0",0,"0",0,"0",0,"0","0","0","0","0","0","0","0","0","0","0",201503,"Masters","Graduate School"
4139801,"2015","Fall",6,"0",0,"0",0,"0",0,"0",0,"0",0,"0",0,"0",0,"0",0,"0",0,"0",0,"0","0","0","0","0","0","0","0","0","0","0",201501,"Masters","Graduate School"
399688,"2017","Fall",5,"0",0,"0",0,"0",0,"0",0,"0",0,"0",0,"0",0,"0",0,"0",0,"0",0,"0","0","0","0","0","0","0","0","0","0","0",201701,"Masters","Graduate School"
4171898,"2016","Winter",3,"0",0,"0",0,"0",0,"0",0,"0",0,"0",0,"0",0,"0",0,"0",0,"0",0,"1","0","0","0","0","0","0","0","1","0","0",201602,"Masters","Graduate School"
4044468,"2016","Fall",5,"0",0,"0",0,"0",0,"0",0,"0",0,"0",0,"0",0,"0",0,"0",0,"0",0,"1","0","1","0","0","0","0","0","1","0","0",201601,"Masters","Graduate School"
4137970,"2017","Winter",9,"0",0,"0",0,"0",0,"0",0,"0",0,"0",0,"0",0,"0",0,"0",0,"0",0,"1","0","1","0","0","0","0","0","1","0","0",201702,"Masters","Graduate School"
3943751,"2014","Winter",3,"0",0,"0",0,"0",0,"0",0,"0",0,"0",0,"0",0,"0",0,"0",0,"0",0,"1","0","0","0","0","0","0","0","1","0","0",201402,"Masters","Graduate School"
3352431,"2016","Fall",5,"0",0,"0",0,"0",0,"0",0,"0",0,"0",0,"0",0,"0",0,"0",0,"0",0,"1","0","1","0","0","0","0","0","1","0","0",201601,"Masters","Graduate School"
3352431,"2018","Winter",5,"0",0,"0",0,"0",0,"0",0,"0",0,"0",0,"0",0,"0",0,"0",0,"0",0,"0","0","1","0","0","0","0","0","0","0","0",201802,"Masters","Graduate School"
2076852,"2017","Winter",5,"0",0,"0",0,"0",0,"0",0,"0",0,"0",0,"0",0,"0",0,"0",0,"0",0,"0","0","0","0","0","0","0","0","0","0","0",201702,"Masters","Graduate School"
3509254,"2015","Fall",3,"0",0,"0",0,"0",0,"0",0,"0",0,"0",0,"0",0,"0",0,"0",0,"0",0,"0","0","0","0","0","0","0","0","0","0","0",201501,"Masters","Graduate School"
4383759,"2017","Winter",5,"0",0,"0",0,"0",0,"0",0,"0",0,"0",0,"0",0,"0",0,"0",0,"0",0,"0","0","0","0","0","0","0","0","0","0","0",201702,"Masters","Graduate School"
2744013,"2018","Fall",6,"0",0,"0",0,"0",0,"0",0,"0",0,"0",0,"0",0,"0",0,"0",0,"0",0,"1","0","0","0","0","0","0","0","1","0","0",201801,"Masters","Graduate School"
4283874,"2017","Fall",5,"0",0,"0",0,"0",0,"0",0,"0",0,"0",0,"0",0,"0",0,"0",0,"0",0,"0","0","0","0","0","0","0","0","0","0","0",201701,"Masters","Graduate School"
2911332,"2014","Fall",6,"0",0,"0",0,"0",0,"0",0,"0",0,"0",0,"0",0,"0",0,"0",0,"0",0,"1","0","0","0","0","0","0","0","1","0","0",201401,"Masters","Graduate School"
4044468,"2015","Spring",5,"0",0,"0",0,"0",0,"0",0,"0",0,"0",0,"0",0,"0",0,"0",0,"0",0,"0","0","1","0","0","0","0","0","0","0","0",201503,"Masters","Graduate School"
3204458,"2015","Spring",6,"0",0,"0",0,"0",0,"0",0,"0",0,"0",0,"0",0,"0",0,"0",0,"0",0,"1","0","1","0","0","0","0","0","0","0","0",201503,"Masters","Graduate School"
4285686,"2017","Fall",5,"0",0,"0",0,"0",0,"0",0,"0",0,"0",0,"0",0,"0",0,"0",0,"0",0,"1","0","0","0","0","0","0","0","1","0","0",201701,"Masters","Graduate School"
4197850,"2017","Winter",3,"0",0,"0",0,"0",0,"0",0,"0",0,"0",0,"0",0,"0",0,"0",0,"0",0,"0","0","0","0","0","0","0","0","0","0","0",201702,"Masters","Graduate School"
2797191,"2017","Fall",5,"0",0,"0",0,"0",0,"0",0,"0",0,"0",0,"0",0,"0",0,"0",0,"0",0,"1","0","0","0","0","0","0","0","1","0","0",201701,"Masters","Graduate School"
4357192,"2016","Spring",5,"0",0,"0",0,"0",0,"0",0,"0",0,"0",0,"0",0,"0",0,"0",0,"0",0,"1","0","0","0","0","0","0","0","1","0","0",201603,"Masters","Graduate School"
4013051,"2015","Spring",3,"0",0,"0",0,"0",0,"0",0,"0",0,"0",0,"0",0,"0",0,"0",0,"0",0,"0","0","0","0","0","0","0","0","0","0","0",201503,"Masters","Graduate School"
4155066,"2015","Fall",6,"0",0,"0",0,"0",0,"0",0,"0",0,"0",0,"0",0,"0",0,"0",0,"0",0,"0","0","0","0","0","0","0","0","0","0","0",201501,"Masters","Graduate School"
4074763,"2014","Winter",5,"0",0,"0",0,"0",0,"0",0,"0",0,"0",0,"0",0,"0",0,"0",0,"0",0,"1","0","1","0","0","0","0","0","1","0","0",201402,"Masters","Graduate School"
4466682,"2018","Fall",5,"0",0,"0",0,"0",0,"0",0,"0",0,"0",0,"0",0,"0",0,"0",0,"0",0,"1","0","1","0","0","0","0","0","1","0","0",201801,"Masters","Graduate School"
2769940,"2014","Winter",5,"0",0,"0",0,"0",0,"0",0,"0",0,"0",0,"0",0,"0",0,"0",0,"0",0,"1","0","0","0","0","0","0","0","1","0","0",201402,"Masters","Graduate School"
4702604,"2019","Fall",12,"0",0,"0",0,"0",0,"0",0,"0",0,"0",0,"0",0,"0",0,"0",0,"0",0,"0","0","0","0","0","0","0","0","0","0","0",201901,"Masters","Graduate School"
3752089,"2019","Fall",4,"0",0,"0",0,"0",0,"0",0,"0",0,"0",0,"0",0,"0",0,"0",0,"0",0,"0","0","0","0","0","0","0","0","0","0","0",201901,"Masters","Graduate School"
3365248,"2014","Spring",5,"0",0,"0",0,"0",0,"0",0,"0",0,"0",0,"0",0,"0",0,"0",0,"0",0,"1","0","0","0","0","0","0","0","1","0","0",201403,"Masters","Graduate School"
4159756,"2016","Spring",5,"0",0,"0",0,"0",0,"0",0,"0",0,"0",0,"0",0,"0",0,"0",0,"0",0,"1","0","0","0","0","0","0","0","1","0","0",201603,"Masters","Graduate School"
2769940,"2017","Fall",5,"0",0,"0",0,"0",0,"0",0,"0",0,"0",0,"0",0,"0",0,"0",0,"0",0,"1","0","0","0","0","0","0","0","1","0","0",201701,"Masters","Graduate School"
4359562,"2018","Winter",6,"0",0,"0",0,"0",0,"0",0,"0",0,"0",0,"0",0,"0",0,"0",0,"0",0,"0","0","0","0","0","0","0","0","0","0","0",201802,"Masters","Graduate School"
4072019,"2014","Winter",5,"0",0,"0",0,"0",0,"0",0,"0",0,"0",0,"0",0,"0",0,"0",0,"0",0,"1","0","0","0","0","0","0","0","1","0","0",201402,"Masters","Graduate School"
4155066,"2016","Fall",5,"0",0,"0",0,"0",0,"0",0,"0",0,"0",0,"0",0,"0",0,"0",0,"0",0,"1","0","0","0","0","0","0","0","1","0","0",201601,"Masters","Graduate School"
4266076,"2015","Winter",11,"0",0,"0",0,"0",0,"0",0,"0",0,"0",0,"0",0,"0",0,"0",0,"0",0,"0","0","1","0","0","0","0","0","0","0","0",201502,"Masters","Graduate School"
3752089,"2018","Fall",5,"0",0,"0",0,"0",0,"0",0,"0",0,"0",0,"0",0,"0",0,"0",0,"0",0,"1","0","1","0","0","0","0","0","1","0","0",201801,"Masters","Graduate School"
4385085,"2016","Spring",5,"0",0,"0",0,"0",0,"0",0,"0",0,"0",0,"0",0,"0",0,"0",0,"0",0,"1","0","0","0","0","0","0","0","1","0","0",201603,"Masters","Graduate School"
2732913,"2015","Winter",5,"0",0,"0",0,"0",0,"0",0,"0",0,"0",0,"0",0,"0",0,"0",0,"0",0,"1","0","0","0","0","0","0","0","0","0","0",201502,"Masters","Graduate School"
3967942,"2015","Spring",3,"0",0,"0",0,"0",0,"0",0,"0",0,"0",0,"0",0,"0",0,"0",0,"0",0,"0","0","0","0","0","0","0","0","0","0","0",201503,"Masters","Graduate School"
4263693,"2015","Winter",5,"0",0,"0",0,"0",0,"0",0,"0",0,"0",0,"0",0,"0",0,"0",0,"0",0,"0","0","0","0","0","0","0","0","0","0","0",201502,"Masters","Graduate School"
2744013,"2016","Fall",5,"0",0,"0",0,"0",0,"0",0,"0",0,"0",0,"0",0,"0",0,"0",0,"0",0,"1","0","0","0","0","0","0","0","1","0","0",201601,"Masters","Graduate School"
4049162,"2014","Spring",6,"0",0,"0",0,"0",0,"0",0,"0",0,"0",0,"0",0,"0",0,"0",0,"0",0,"1","0","1","0","0","0","0","0","1","0","0",201403,"Masters","Graduate School"
4255287,"2016","Winter",5,"0",0,"0",0,"0",0,"0",0,"0",0,"0",0,"0",0,"0",0,"0",0,"0",0,"1","0","0","0","0","0","0","0","1","0","0",201602,"Masters","Graduate School"
3516942,"2015","Fall",5,"0",0,"0",0,"0",0,"0",0,"0",0,"0",0,"0",0,"0",0,"0",0,"0",0,"0","0","1","0","0","0","0","0","0","0","0",201501,"Masters","Graduate School"
889591,"2019","Winter",4,"0",0,"0",0,"0",0,"0",0,"0",0,"0",0,"0",0,"0",0,"0",0,"0",0,"0","0","0","0","0","0","0","0","0","0","0",201902,"Masters","Graduate School"
4159756,"2016","Spring",3,"0",0,"0",0,"0",0,"0",0,"0",0,"0",0,"0",0,"0",0,"0",0,"0",0,"1","0","0","0","0","0","0","0","1","0","0",201603,"Masters","Graduate School"
4074184,"2014","Winter",5,"0",0,"0",0,"0",0,"0",0,"0",0,"0",0,"0",0,"0",0,"0",0,"0",0,"1","0","0","0","0","0","0","0","1","0","0",201402,"Masters","Graduate School"
157104,"2015","Spring",3,"0",0,"0",0,"0",0,"0",0,"0",0,"0",0,"0",0,"0",0,"0",0,"0",0,"1","0","0","0","0","0","0","0","0","0","0",201503,"Masters","Graduate School"
157104,"2014","Fall",5,"0",0,"0",0,"0",0,"0",0,"0",0,"0",0,"0",0,"0",0,"0",0,"0",0,"1","0","1","0","0","0","0","0","1","0","0",201401,"Masters","Graduate School"
4146819,"2015","Spring",6,"0",0,"0",0,"0",0,"0",0,"0",0,"0",0,"0",0,"0",0,"0",0,"0",0,"0","0","0","0","0","0","0","0","0","0","0",201503,"Masters","Graduate School"
4361379,"2018","Winter",3,"0",0,"0",0,"0",0,"0",0,"0",0,"0",0,"0",0,"0",0,"0",0,"0",0,"1","0","0","0","0","0","0","0","0","0","0",201802,"Masters","Graduate School"
4167089,"2016","Fall",11,"0",0,"0",0,"0",0,"0",0,"0",0,"0",0,"0",0,"0",0,"0",0,"0",0,"1","0","0","0","0","0","0","0","1","0","0",201601,"Masters","Graduate School"
4199245,"2018","Fall",4,"0",0,"0",0,"0",0,"0",0,"0",0,"0",0,"0",0,"0",0,"0",0,"0",0,"1","0","0","0","0","0","0","0","0","0","0",201801,"Masters","Graduate School"
4050773,"2015","Spring",5,"0",0,"0",0,"0",0,"0",0,"0",0,"0",0,"0",0,"0",0,"0",0,"0",0,"0","0","0","0","0","0","0","0","0","0","0",201503,"Masters","Graduate School"
2769940,"2015","Spring",6,"0",0,"0",0,"0",0,"0",0,"0",0,"0",0,"0",0,"0",0,"0",0,"0",0,"1","0","0","0","0","0","0","0","0","0","0",201503,"Masters","Graduate School"
3752089,"2018","Fall",5,"0",0,"0",0,"0",0,"0",0,"0",0,"0",0,"0",0,"0",0,"0",0,"0",0,"1","0","1","0","0","0","0","0","1","0","0",201801,"Masters","Graduate School"
4077172,"2014","Fall",6,"0",0,"0",0,"0",0,"0",0,"0",0,"0",0,"0",0,"0",0,"0",0,"0",0,"1","0","1","0","0","0","0","0","1","0","0",201401,"Masters","Graduate School"
4359562,"2016","Fall",5,"0",0,"0",0,"0",0,"0",0,"0",0,"0",0,"0",0,"0",0,"0",0,"0",0,"1","0","0","0","0","0","0","0","1","0","0",201601,"Masters","Graduate School"
4285686,"2016","Winter",5,"0",0,"0",0,"0",0,"0",0,"0",0,"0",0,"0",0,"0",0,"0",0,"0",0,"1","0","0","0","0","0","0","0","1","0","0",201602,"Masters","Graduate School"
4139801,"2017","Spring",9,"0",0,"0",0,"0",0,"0",0,"0",0,"0",0,"0",0,"0",0,"0",0,"0",0,"1","0","1","0","0","0","0","0","1","0","0",201703,"Masters","Graduate School"
4283874,"2015","Spring",2,"0",0,"0",0,"0",0,"0",0,"0",0,"0",0,"0",0,"0",0,"0",0,"0",0,"0","0","0","0","0","0","0","0","0","0","0",201503,"Masters","Graduate School"
2861501,"2018","Spring",3,"0",0,"0",0,"0",0,"0",0,"0",0,"0",0,"0",0,"0",0,"0",0,"0",0,"0","0","0","0","0","0","0","0","0","0","0",201803,"Masters","Graduate School"
3752089,"2017","Spring",6,"0",0,"0",0,"0",0,"0",0,"0",0,"0",0,"0",0,"0",0,"0",0,"0",0,"0","0","1","0","0","0","0","0","0","0","0",201703,"Masters","Graduate School"
3950855,"2014","Spring",5,"0",0,"0",0,"0",0,"0",0,"0",0,"0",0,"0",0,"0",0,"0",0,"0",0,"1","0","0","0","0","0","0","0","1","0","0",201403,"Masters","Graduate School"
4066161,"2015","Fall",6,"0",0,"0",0,"0",0,"0",0,"0",0,"0",0,"0",0,"0",0,"0",0,"0",0,"0","0","1","0","0","0","0","0","0","0","0",201501,"Masters","Graduate School"
4241140,"2015","Fall",5,"0",0,"0",0,"0",0,"0",0,"0",0,"0",0,"0",0,"0",0,"0",0,"0",0,"0","0","1","0","0","0","0","0","0","0","0",201501,"Masters","Graduate School"
4281265,"2017","Winter",5,"0",0,"0",0,"0",0,"0",0,"0",0,"0",0,"0",0,"0",0,"0",0,"0",0,"0","0","1","0","0","0","0","0","0","0","0",201702,"Masters","Graduate School"
3314117,"2014","Fall",6,"0",0,"0",0,"0",0,"0",0,"0",0,"0",0,"0",0,"0",0,"0",0,"0",0,"1","0","0","0","0","0","0","0","1","0","0",201401,"Masters","Graduate School"
4159756,"2016","Fall",5,"0",0,"0",0,"0",0,"0",0,"0",0,"0",0,"0",0,"0",0,"0",0,"0",0,"1","0","1","0","0","0","0","0","1","0","0",201601,"Masters","Graduate School"
399688,"2015","Winter",5,"0",0,"0",0,"0",0,"0",0,"0",0,"0",0,"0",0,"0",0,"0",0,"0",0,"0","0","0","0","0","0","0","0","0","0","0",201502,"Masters","Graduate School"
3752089,"2017","Winter",5,"0",0,"0",0,"0",0,"0",0,"0",0,"0",0,"0",0,"0",0,"0",0,"0",0,"0","0","1","0","0","0","0","0","0","0","0",201702,"Masters","Graduate School"
4285686,"2015","Winter",5,"0",0,"0",0,"0",0,"0",0,"0",0,"0",0,"0",0,"0",0,"0",0,"0",0,"0","0","0","0","0","0","0","0","0","0","0",201502,"Masters","Graduate School"
4175813,"2014","Winter",5,"0",0,"0",0,"0",0,"0",0,"0",0,"0",0,"0",0,"0",0,"0",0,"0",0,"1","0","1","0","0","0","0","0","1","0","0",201402,"Masters","Graduate School"
4285686,"2015","Winter",5,"0",0,"0",0,"0",0,"0",0,"0",0,"0",0,"0",0,"0",0,"0",0,"0",0,"0","0","0","0","0","0","0","0","0","0","0",201502,"Masters","Graduate School"
2911332,"2015","Fall",6,"0",0,"0",0,"0",0,"0",0,"0",0,"0",0,"0",0,"0",0,"0",0,"0",0,"0","0","0","0","0","0","0","0","0","0","0",201501,"Masters","Graduate School"
2405407,"2014","Fall",6,"0",0,"0",0,"0",0,"0",0,"0",0,"0",0,"0",0,"0",0,"0",0,"0",0,"1","0","0","0","0","0","0","0","1","0","0",201401,"Masters","Graduate School"
4072019,"2014","Winter",5,"0",0,"0",0,"0",0,"0",0,"0",0,"0",0,"0",0,"0",0,"0",0,"0",0,"1","0","0","0","0","0","0","0","1","0","0",201402,"Masters","Graduate School"
2911332,"2014","Spring",5,"0",0,"0",0,"0",0,"0",0,"0",0,"0",0,"0",0,"0",0,"0",0,"0",0,"1","0","0","0","0","0","0","0","1","0","0",201403,"Masters","Graduate School"
2076852,"2018","Spring",3,"0",0,"0",0,"0",0,"0",0,"0",0,"0",0,"0",0,"0",0,"0",0,"0",0,"1","0","0","0","0","0","0","0","0","0","0",201803,"Masters","Graduate School"
4281265,"2017","Spring",3,"0",0,"0",0,"0",0,"0",0,"0",0,"0",0,"0",0,"0",0,"0",0,"0",0,"0","0","0","0","0","0","0","0","0","0","0",201703,"Masters","Graduate School"
4199245,"2016","Fall",5,"0",0,"0",0,"0",0,"0",0,"0",0,"0",0,"0",0,"0",0,"0",0,"0",0,"1","0","0","0","0","0","0","0","1","0","0",201601,"Masters","Graduate School"
4279548,"2016","Spring",5,"0",0,"0",0,"0",0,"0",0,"0",0,"0",0,"0",0,"0",0,"0",0,"0",0,"1","0","0","0","0","0","0","0","1","0","0",201603,"Masters","Graduate School"
157104,"2015","Fall",6,"0",0,"0",0,"0",0,"0",0,"0",0,"0",0,"0",0,"0",0,"0",0,"0",0,"0","0","1","0","0","0","0","0","0","0","0",201501,"Masters","Graduate School"
2717990,"2014","Fall",6,"0",0,"0",0,"0",0,"0",0,"0",0,"0",0,"0",0,"0",0,"0",0,"0",0,"1","0","0","0","0","0","0","0","1","0","0",201401,"Masters","Graduate School"
3973590,"2017","Fall",6,"0",0,"0",0,"0",0,"0",0,"0",0,"0",0,"0",0,"0",0,"0",0,"0",0,"0","0","1","0","0","0","0","0","0","0","0",201701,"Masters","Graduate School"
4199245,"2016","Spring",5,"0",0,"0",0,"0",0,"0",0,"0",0,"0",0,"0",0,"0",0,"0",0,"0",0,"1","0","0","0","0","0","0","0","1","0","0",201603,"Masters","Graduate School"
4077172,"2015","Winter",5,"0",0,"0",0,"0",0,"0",0,"0",0,"0",0,"0",0,"0",0,"0",0,"0",0,"0","0","1","0","0","0","0","0","0","0","0",201502,"Masters","Graduate School"
2717990,"2014","Fall",6,"0",0,"0",0,"0",0,"0",0,"0",0,"0",0,"0",0,"0",0,"0",0,"0",0,"1","0","0","0","0","0","0","0","1","0","0",201401,"Masters","Graduate School"
3216298,"2015","Spring",3,"0",0,"0",0,"0",0,"0",0,"0",0,"0",0,"0",0,"0",0,"0",0,"0",0,"0","0","0","0","0","0","0","0","0","0","0",201503,"Masters","Graduate School"
66532,"2015","Spring",6,"0",0,"0",0,"0",0,"0",0,"0",0,"0",0,"0",0,"0",0,"0",0,"0",0,"0","0","0","0","0","0","0","0","0","0","0",201503,"Masters","Graduate School"
66532,"2014","Spring",6,"0",0,"0",0,"0",0,"0",0,"0",0,"0",0,"0",0,"0",0,"0",0,"0",0,"1","0","0","0","0","0","0","0","1","0","0",201403,"Masters","Graduate School"
3109509,"2014","Spring",12,"1",0.4,"1",0.4,"0",0,"0",0,"1",0.4,"1",0.4,"0",0,"0",0,"0",0,"0",0,"0","0","0","0","0","0","0","0","0","0","0",201403,"Masters","Graduate School"
4072796,"2014","Winter",5,"0",0,"0",0,"0",0,"0",0,"0",0,"0",0,"0",0,"0",0,"0",0,"0",0,"1","0","0","0","0","0","0","0","1","0","0",201402,"Masters","Graduate School"
3204458,"2014","Spring",5,"0",0,"0",0,"0",0,"0",0,"0",0,"0",0,"0",0,"0",0,"0",0,"0",0,"1","0","1","0","0","0","0","0","1","0","0",201403,"Masters","Graduate School"
4263693,"2017","Fall",3,"0",0,"0",0,"0",0,"0",0,"0",0,"0",0,"0",0,"0",0,"0",0,"0",0,"0","0","0","0","0","0","0","0","0","0","0",201701,"Masters","Graduate School"
4459013,"2019","Spring",5,"0",0,"0",0,"0",0,"0",0,"0",0,"0",0,"0",0,"0",0,"0",0,"0",0,"0","0","0","0","0","0","0","0","0","0","0",201902,"Masters","Graduate School"
4147003,"2016","Spring",3,"0",0,"0",0,"0",0,"0",0,"0",0,"0",0,"0",0,"0",0,"0",0,"0",0,"1","0","0","0","0","0","0","0","1","0","0",201603,"Masters","Graduate School"
2076852,"2019","Winter",5,"0",0,"0",0,"0",0,"0",0,"0",0,"0",0,"0",0,"0",0,"0",0,"0",0,"1","0","0","0","0","0","0","0","0","0","0",201902,"Masters","Graduate School"
4197850,"2015","Fall",6,"0",0,"0",0,"0",0,"0",0,"0",0,"0",0,"0",0,"0",0,"0",0,"0",0,"0","0","1","0","0","0","0","0","0","0","0",201501,"Masters","Graduate School"
4013051,"2014","Fall",6,"0",0,"0",0,"0",0,"0",0,"0",0,"0",0,"0",0,"0",0,"0",0,"0",0,"1","0","0","0","0","0","0","0","1","0","0",201401,"Masters","Graduate School"
889591,"2019","Winter",3,"0",0,"0",0,"0",0,"0",0,"0",0,"0",0,"0",0,"0",0,"0",0,"0",0,"0","0","0","0","0","0","0","0","0","0","0",201902,"Masters","Graduate School"
2769940,"2018","Spring",5,"0",0,"0",0,"0",0,"0",0,"0",0,"0",0,"0",0,"0",0,"0",0,"0",0,"0","0","0","0","0","0","0","0","0","0","0",201803,"Masters","Graduate School"
4174504,"2016","Spring",8,"0",0,"0",0,"0",0,"0",0,"0",0,"0",0,"0",0,"0",0,"0",0,"0",0,"1","0","1","0","0","0","0","0","1","0","0",201603,"Masters","Graduate School"
381116,"2014","Fall",6,"0",0,"0",0,"0",0,"0",0,"0",0,"0",0,"0",0,"0",0,"0",0,"0",0,"1","0","0","0","0","0","0","0","1","0","0",201401,"Masters","Graduate School"
4149111,"2016","Spring",3,"0",0,"0",0,"0",0,"0",0,"0",0,"0",0,"0",0,"0",0,"0",0,"0",0,"1","0","0","0","0","0","0","0","1","0","0",201603,"Masters","Graduate School"
4137970,"2014","Spring",6,"0",0,"0",0,"0",0,"0",0,"0",0,"0",0,"0",0,"0",0,"0",0,"0",0,"1","0","0","0","0","0","0","0","1","0","0",201403,"Masters","Graduate School"
4167089,"2015","Winter",9,"0",0,"0",0,"0",0,"0",0,"0",0,"0",0,"0",0,"0",0,"0",0,"0",0,"0","0","1","0","0","0","0","0","0","0","0",201502,"Masters","Graduate School"
3973590,"2014","Winter",5,"0",0,"0",0,"0",0,"0",0,"0",0,"0",0,"0",0,"0",0,"0",0,"0",0,"1","0","1","0","0","0","0","0","1","0","0",201402,"Masters","Graduate School"
4241140,"2015","Winter",11,"0",0,"0",0,"0",0,"0",0,"0",0,"0",0,"0",0,"0",0,"0",0,"0",0,"0","0","1","0","0","0","0","0","0","0","0",201502,"Masters","Graduate School"
3928190,"2014","Fall",6,"0",0,"0",0,"0",0,"0",0,"0",0,"0",0,"0",0,"0",0,"0",0,"0",0,"1","0","0","0","0","0","0","0","1","0","0",201401,"Masters","Graduate School"
4282743,"2017","Fall",5,"0",0,"0",0,"0",0,"0",0,"0",0,"0",0,"0",0,"0",0,"0",0,"0",0,"0","0","1","0","0","0","0","0","0","0","0",201701,"Masters","Graduate School"
4147003,"2016","Fall",3,"0",0,"0",0,"0",0,"0",0,"0",0,"0",0,"0",0,"0",0,"0",0,"0",0,"1","0","0","0","0","0","0","0","1","0","0",201601,"Masters","Graduate School"
4072796,"2014","Spring",6,"0",0,"0",0,"0",0,"0",0,"0",0,"0",0,"0",0,"0",0,"0",0,"0",0,"1","0","0","0","0","0","0","0","1","0","0",201403,"Masters","Graduate School"
4283874,"2016","Spring",6,"0",0,"0",0,"0",0,"0",0,"0",0,"0",0,"0",0,"0",0,"0",0,"0",0,"1","0","0","0","0","0","0","0","1","0","0",201603,"Masters","Graduate School"
4139801,"2016","Winter",3,"0",0,"0",0,"0",0,"0",0,"0",0,"0",0,"0",0,"0",0,"0",0,"0",0,"1","0","0","0","0","0","0","0","1","0","0",201602,"Masters","Graduate School"
2732913,"2014","Winter",5,"0",0,"0",0,"0",0,"0",0,"0",0,"0",0,"0",0,"0",0,"0",0,"0",0,"1","0","0","0","0","0","0","0","1","0","0",201402,"Masters","Graduate School"
3959904,"2014","Spring",6,"0",0,"0",0,"0",0,"0",0,"0",0,"0",0,"0",0,"0",0,"0",0,"0",0,"1","0","0","0","0","0","0","0","1","0","0",201403,"Masters","Graduate School"
4361379,"2017","Fall",5,"0",0,"0",0,"0",0,"0",0,"0",0,"0",0,"0",0,"0",0,"0",0,"0",0,"0","0","1","0","0","0","0","0","0","0","0",201701,"Masters","Graduate School"
3109509,"2019","Winter",4,"0",0,"0",0,"0",0,"0",0,"0",0,"0",0,"0",0,"0",0,"0",0,"0",0,"1","0","0","0","0","0","0","0","1","0","0",201903,"Masters","Graduate School"
4146819,"2015","Spring",6,"0",0,"0",0,"0",0,"0",0,"0",0,"0",0,"0",0,"0",0,"0",0,"0",0,"0","0","0","0","0","0","0","0","0","0","0",201503,"Masters","Graduate School"
4077172,"2016","Fall",5,"0",0,"0",0,"0",0,"0",0,"0",0,"0",0,"0",0,"0",0,"0",0,"0",0,"1","0","1","0","0","0","0","0","1","0","0",201601,"Masters","Graduate School"
4427025,"2017","Winter",5,"0",0,"0",0,"0",0,"0",0,"0",0,"0",0,"0",0,"0",0,"0",0,"0",0,"0","0","0","0","0","0","0","0","0","0","0",201702,"Masters","Graduate School"
302074,"2015","Spring",6,"0",0,"0",0,"0",0,"0",0,"0",0,"0",0,"0",0,"0",0,"0",0,"0",0,"0","0","1","0","0","0","0","0","0","0","0",201503,"Masters","Graduate School"
4241140,"2017","Winter",5,"0",0,"0",0,"0",0,"0",0,"0",0,"0",0,"0",0,"0",0,"0",0,"0",0,"0","0","0","0","0","0","0","0","0","0","0",201702,"Masters","Graduate School"
4092618,"2015","Fall",6,"0",0,"0",0,"0",0,"0",0,"0",0,"0",0,"0",0,"0",0,"0",0,"0",0,"0","0","1","0","0","0","0","0","0","0","0",201501,"Masters","Graduate School"
4047087,"2014","Spring",5,"0",0,"0",0,"0",0,"0",0,"0",0,"0",0,"0",0,"0",0,"0",0,"0",0,"1","0","0","0","0","0","0","0","1","0","0",201403,"Masters","Graduate School"
4044468,"2015","Fall",6,"0",0,"0",0,"0",0,"0",0,"0",0,"0",0,"0",0,"0",0,"0",0,"0",0,"0","0","1","0","0","0","0","0","0","0","0",201501,"Masters","Graduate School"
3752089,"2017","Fall",5,"0",0,"0",0,"0",0,"0",0,"0",0,"0",0,"0",0,"0",0,"0",0,"0",0,"0","0","1","0","0","0","0","0","0","0","0",201701,"Masters","Graduate School"
4155066,"2014","Spring",5,"0",0,"0",0,"0",0,"0",0,"0",0,"0",0,"0",0,"0",0,"0",0,"0",0,"1","0","0","0","0","0","0","0","1","0","0",201403,"Masters","Graduate School"
4459013,"2017","Winter",5,"0",0,"0",0,"0",0,"0",0,"0",0,"0",0,"0",0,"0",0,"0",0,"0",0,"0","0","0","0","0","0","0","0","0","0","0",201702,"Masters","Graduate School"
4199245,"2017","Fall",3,"0",0,"0",0,"0",0,"0",0,"0",0,"0",0,"0",0,"0",0,"0",0,"0",0,"0","0","0","0","0","0","0","0","0","0","0",201701,"Masters","Graduate School"
4702604,"2019","Spring",12,"0",0,"0",0,"0",0,"0",0,"0",0,"0",0,"0",0,"0",0,"0",0,"0",0,"0","0","1","0","0","0","0","0","0","0","0",201902,"Masters","Graduate School"
4230044,"2017","Spring",9,"0",0,"0",0,"0",0,"0",0,"0",0,"0",0,"0",0,"0",0,"0",0,"0",0,"0","0","0","0","0","0","0","0","0","0","0",201703,"Masters","Graduate School"
3752089,"2018","Winter",5,"0",0,"0",0,"0",0,"0",0,"0",0,"0",0,"0",0,"0",0,"0",0,"0",0,"0","0","1","0","0","0","0","0","0","0","0",201802,"Masters","Graduate School"
4359562,"2016","Winter",5,"0",0,"0",0,"0",0,"0",0,"0",0,"0",0,"0",0,"0",0,"0",0,"0",0,"1","0","1","0","0","0","0","0","1","0","0",201602,"Masters","Graduate School"
4361379,"2016","Spring",5,"0",0,"0",0,"0",0,"0",0,"0",0,"0",0,"0",0,"0",0,"0",0,"0",0,"1","0","1","0","0","0","0","0","1","0","0",201603,"Masters","Graduate School"
3752089,"2018","Winter",5,"0",0,"0",0,"0",0,"0",0,"0",0,"0",0,"0",0,"0",0,"0",0,"0",0,"1","0","0","0","0","0","0","0","0","0","0",201802,"Masters","Graduate School"
3973590,"2014","Winter",5,"0",0,"0",0,"0",0,"0",0,"0",0,"0",0,"0",0,"0",0,"0",0,"0",0,"1","0","1","0","0","0","0","0","1","0","0",201402,"Masters","Graduate School"
3365248,"2015","Spring",5,"0",0,"0",0,"0",0,"0",0,"0",0,"0",0,"0",0,"0",0,"0",0,"0",0,"1","0","0","0","0","0","0","0","1","0","0",201503,"Masters","Graduate School"
399688,"2014","Spring",5,"0",0,"0",0,"0",0,"0",0,"0",0,"0",0,"0",0,"0",0,"0",0,"0",0,"1","0","0","0","0","0","0","0","1","0","0",201403,"Masters","Graduate School"
4230044,"2018","Winter",7,"0",0,"0",0,"0",0,"0",0,"0",0,"0",0,"0",0,"0",0,"0",0,"0",0,"0","0","1","0","0","0","0","0","0","0","0",201802,"Masters","Graduate School"
399688,"2016","Fall",3,"0",0,"0",0,"0",0,"0",0,"0",0,"0",0,"0",0,"0",0,"0",0,"0",0,"1","0","0","0","0","0","0","0","1","0","0",201601,"Masters","Graduate School"
4427025,"2018","Spring",5,"0",0,"0",0,"0",0,"0",0,"0",0,"0",0,"0",0,"0",0,"0",0,"0",0,"0","0","0","0","0","0","0","0","0","0","0",201803,"Masters","Graduate School"
4047087,"2015","Spring",3,"0",0,"0",0,"0",0,"0",0,"0",0,"0",0,"0",0,"0",0,"0",0,"0",0,"0","0","0","0","0","0","0","0","0","0","0",201503,"Masters","Graduate School"
4359562,"2016","Winter",5,"0",0,"0",0,"0",0,"0",0,"0",0,"0",0,"0",0,"0",0,"0",0,"0",0,"1","0","0","0","0","0","0","0","1","0","0",201602,"Masters","Graduate School"
4230044,"2019","Fall",14,"0",0,"0",0,"0",0,"0",0,"0",0,"0",0,"0",0,"0",0,"0",0,"0",0,"0","0","1","0","0","0","0","0","0","0","0",201901,"Masters","Graduate School"
4074763,"2015","Winter",3,"0",0,"0",0,"0",0,"0",0,"0",0,"0",0,"0",0,"0",0,"0",0,"0",0,"1","0","0","0","0","0","0","0","1","1","0",201502,"Masters","Graduate School"
4044468,"2016","Fall",5,"0",0,"0",0,"0",0,"0",0,"0",0,"0",0,"0",0,"0",0,"0",0,"0",0,"1","0","1","0","0","0","0","0","1","0","0",201601,"Masters","Graduate School"
4137970,"2015","Winter",5,"0",0,"0",0,"0",0,"0",0,"0",0,"0",0,"0",0,"0",0,"0",0,"0",0,"0","0","0","0","0","0","0","0","0","0","0",201502,"Masters","Graduate School"
2769940,"2015","Winter",5,"0",0,"0",0,"0",0,"0",0,"0",0,"0",0,"0",0,"0",0,"0",0,"0",0,"1","0","0","0","0","0","0","0","0","0","0",201502,"Masters","Graduate School"
2405407,"2014","Spring",6,"0",0,"0",0,"0",0,"0",0,"0",0,"0",0,"0",0,"0",0,"0",0,"0",0,"1","0","0","0","0","0","0","0","1","0","0",201403,"Masters","Graduate School"
399688,"2017","Winter",5,"0",0,"0",0,"0",0,"0",0,"0",0,"0",0,"0",0,"0",0,"0",0,"0",0,"0","0","0","0","0","0","0","0","0","0","0",201702,"Masters","Graduate School"
4047161,"2014","Fall",6,"0",0,"0",0,"0",0,"0",0,"0",0,"0",0,"0",0,"0",0,"0",0,"0",0,"1","0","0","0","0","0","0","0","1","0","0",201401,"Masters","Graduate School"
4270921,"2016","Spring",6,"0",0,"0",0,"0",0,"0",0,"0",0,"0",0,"0",0,"0",0,"0",0,"0",0,"1","0","0","0","0","0","0","0","1","0","0",201603,"Masters","Graduate School"
4074763,"2015","Winter",5,"0",0,"0",0,"0",0,"0",0,"0",0,"0",0,"0",0,"0",0,"0",0,"0",0,"1","0","0","0","0","0","0","0","1","0","0",201502,"Masters","Graduate School"
4199245,"2015","Fall",6,"0",0,"0",0,"0",0,"0",0,"0",0,"0",0,"0",0,"0",0,"0",0,"0",0,"0","0","0","0","0","0","0","0","0","0","0",201501,"Masters","Graduate School"
4230044,"2017","Spring",3,"0",0,"0",0,"0",0,"0",0,"0",0,"0",0,"0",0,"0",0,"0",0,"0",0,"0","0","0","0","0","0","0","0","0","0","0",201703,"Masters","Graduate School"
4459013,"2017","Fall",5,"0",0,"0",0,"0",0,"0",0,"0",0,"0",0,"0",0,"0",0,"0",0,"0",0,"0","0","0","0","0","0","0","0","0","0","0",201701,"Masters","Graduate School"
4147003,"2015","Fall",6,"0",0,"0",0,"0",0,"0",0,"0",0,"0",0,"0",0,"0",0,"0",0,"0",0,"0","0","0","0","0","0","0","0","0","0","0",201501,"Masters","Graduate School"
4241140,"2016","Fall",5,"0",0,"0",0,"0",0,"0",0,"0",0,"0",0,"0",0,"0",0,"0",0,"0",0,"1","0","0","0","0","0","0","0","1","0","0",201601,"Masters","Graduate School"
4147003,"2017","Spring",9,"0",0,"0",0,"0",0,"0",0,"0",0,"0",0,"0",0,"0",0,"0",0,"0",0,"0","0","1","0","0","0","0","0","0","0","0",201703,"Masters","Graduate School"
4147003,"2014","Fall",5,"0",0,"0",0,"0",0,"0",0,"0",0,"0",0,"0",0,"0",0,"0",0,"0",0,"1","0","0","0","0","0","0","0","1","0","0",201401,"Masters","Graduate School"
4383759,"2017","Fall",2,"0",0,"0",0,"0",0,"0",0,"0",0,"0",0,"0",0,"0",0,"0",0,"0",0,"1","0","0","0","0","0","0","0","1","0","0",201701,"Masters","Graduate School"
4197850,"2015","Fall",5,"0",0,"0",0,"0",0,"0",0,"0",0,"0",0,"0",0,"0",0,"0",0,"0",0,"0","0","1","0","0","0","0","0","0","0","0",201501,"Masters","Graduate School"
157104,"2015","Fall",6,"0",0,"0",0,"0",0,"0",0,"0",0,"0",0,"0",0,"0",0,"0",0,"0",0,"0","0","1","0","0","0","0","0","0","0","0",201501,"Masters","Graduate School"
4199245,"2018","Fall",5,"0",0,"0",0,"0",0,"0",0,"0",0,"0",0,"0",0,"0",0,"0",0,"0",0,"1","0","0","0","0","0","0","0","1","0","0",201801,"Masters","Graduate School"
4197850,"2016","Spring",5,"0",0,"0",0,"0",0,"0",0,"0",0,"0",0,"0",0,"0",0,"0",0,"0",0,"1","0","0","0","0","0","0","0","1","0","0",201603,"Masters","Graduate School"
4171898,"2014","Winter",5,"0",0,"0",0,"0",0,"0",0,"0",0,"0",0,"0",0,"0",0,"0",0,"0",0,"1","0","1","0","0","0","0","0","1","0","0",201402,"Masters","Graduate School"
3967942,"2015","Winter",3,"0",0,"0",0,"0",0,"0",0,"0",0,"0",0,"0",0,"0",0,"0",0,"0",0,"0","0","0","0","0","0","0","0","0","0","0",201502,"Masters","Graduate School"
2076852,"2019","Fall",3,"0",0,"0",0,"0",0,"0",0,"0",0,"0",0,"0",0,"0",0,"0",0,"0",0,"0","0","0","0","0","0","0","0","0","0","0",201901,"Masters","Graduate School"
4049155,"2015","Spring",5,"0",0,"0",0,"0",0,"0",0,"0",0,"0",0,"0",0,"0",0,"0",0,"0",0,"0","0","1","0","0","0","0","0","0","0","0",201503,"Masters","Graduate School"
3658914,"2017","Winter",6,"0",0,"0",0,"0",0,"0",0,"0",0,"0",0,"0",0,"0",0,"0",0,"0",0,"0","0","0","0","0","0","0","0","0","0","0",201702,"Masters","Graduate School"
4459013,"2018","Fall",5,"0",0,"0",0,"0",0,"0",0,"0",0,"0",0,"0",0,"0",0,"0",0,"0",0,"1","0","0","0","0","0","0","0","1","0","0",201801,"Masters","Graduate School"
4462818,"2018","Winter",6,"0",0,"0",0,"0",0,"0",0,"0",0,"0",0,"0",0,"0",0,"0",0,"0",0,"0","0","0","0","0","0","0","0","0","0","0",201802,"Masters","Graduate School"
4077172,"2015","Spring",5,"0",0,"0",0,"0",0,"0",0,"0",0,"0",0,"0",0,"0",0,"0",0,"0",0,"0","0","1","0","0","0","0","0","0","0","0",201503,"Masters","Graduate School"
2911332,"2014","Fall",6,"0",0,"0",0,"0",0,"0",0,"0",0,"0",0,"0",0,"0",0,"0",0,"0",0,"1","0","0","0","0","0","0","0","1","0","0",201401,"Masters","Graduate School"
3109509,"2018","Fall",5,"0",0,"0",0,"0",0,"0",0,"0",0,"0",0,"0",0,"0",0,"0",0,"0",0,"1","0","1","0","0","0","0","0","1","0","0",201801,"Masters","Graduate School"
4241140,"2017","Fall",5,"0",0,"0",0,"0",0,"0",0,"0",0,"0",0,"0",0,"0",0,"0",0,"0",0,"0","0","1","0","0","0","0","0","0","0","0",201701,"Masters","Graduate School"
4155066,"2015","Spring",6,"0",0,"0",0,"0",0,"0",0,"0",0,"0",0,"0",0,"0",0,"0",0,"0",0,"0","0","0","0","0","0","0","0","0","0","0",201503,"Masters","Graduate School"
4149111,"2014","Spring",5,"0",0,"0",0,"0",0,"0",0,"0",0,"0",0,"0",0,"0",0,"0",0,"0",0,"1","0","0","0","0","0","0","0","1","0","0",201403,"Masters","Graduate School"
4072796,"2014","Fall",5,"0",0,"0",0,"0",0,"0",0,"0",0,"0",0,"0",0,"0",0,"0",0,"0",0,"1","0","0","0","0","0","0","0","1","0","0",201401,"Masters","Graduate School"
4047161,"2014","Spring",6,"0",0,"0",0,"0",0,"0",0,"0",0,"0",0,"0",0,"0",0,"0",0,"0",0,"1","0","0","0","0","0","0","0","1","0","0",201403,"Masters","Graduate School"
4459013,"2017","Spring",6,"0",0,"0",0,"0",0,"0",0,"0",0,"0",0,"0",0,"0",0,"0",0,"0",0,"0","0","0","0","0","0","0","0","0","0","0",201703,"Masters","Graduate School"
3945848,"2014","Spring",5,"0",0,"0",0,"0",0,"0",0,"0",0,"0",0,"0",0,"0",0,"0",0,"0",0,"1","0","1","0","0","0","0","0","1","0","0",201403,"Masters","Graduate School"
4462818,"2019","Fall",5,"0",0,"0",0,"0",0,"0",0,"0",0,"0",0,"0",0,"0",0,"0",0,"0",0,"0","0","1","0","0","0","0","0","0","0","0",201901,"Masters","Graduate School"
3352431,"2017","Fall",5,"0",0,"0",0,"0",0,"0",0,"0",0,"0",0,"0",0,"0",0,"0",0,"0",0,"0","0","1","0","0","0","0","0","0","0","0",201701,"Masters","Graduate School"
399688,"2017","Winter",5,"0",0,"0",0,"0",0,"0",0,"0",0,"0",0,"0",0,"0",0,"0",0,"0",0,"0","0","0","0","0","0","0","0","0","0","0",201702,"Masters","Graduate School"
2797191,"2018","Spring",4,"0",0,"0",0,"0",0,"0",0,"0",0,"0",0,"0",0,"0",0,"0",0,"0",0,"1","0","0","0","0","0","0","0","0","0","0",201803,"Masters","Graduate School"
4427025,"2019","Fall",3,"0",0,"0",0,"0",0,"0",0,"0",0,"0",0,"0",0,"0",0,"0",0,"0",0,"0","0","0","0","0","0","0","0","0","0","0",201901,"Masters","Graduate School"
4361379,"2016","Fall",5,"0",0,"0",0,"0",0,"0",0,"0",0,"0",0,"0",0,"0",0,"0",0,"0",0,"1","0","1","0","0","0","0","0","1","0","0",201601,"Masters","Graduate School"
157104,"2015","Spring",5,"0",0,"0",0,"0",0,"0",0,"0",0,"0",0,"0",0,"0",0,"0",0,"0",0,"0","0","1","0","0","0","0","0","0","0","0",201503,"Masters","Graduate School"
4263693,"2016","Spring",5,"0",0,"0",0,"0",0,"0",0,"0",0,"0",0,"0",0,"0",0,"0",0,"0",0,"1","0","1","0","0","0","0","0","1","0","0",201603,"Masters","Graduate School"
3752089,"2018","Fall",5,"0",0,"0",0,"0",0,"0",0,"0",0,"0",0,"0",0,"0",0,"0",0,"0",0,"1","0","1","0","0","0","0","0","1","0","0",201801,"Masters","Graduate School"
3662768,"2017","Fall",5,"0",0,"0",0,"0",0,"0",0,"0",0,"0",0,"0",0,"0",0,"0",0,"0",0,"1","0","0","0","0","0","0","0","1","0","0",201701,"Masters","Graduate School"
4074763,"2014","Fall",5,"0",0,"0",0,"0",0,"0",0,"0",0,"0",0,"0",0,"0",0,"0",0,"0",0,"1","0","0","0","0","0","0","0","1","0","0",201401,"Masters","Graduate School"
3658914,"2017","Fall",5,"0",0,"0",0,"0",0,"0",0,"0",0,"0",0,"0",0,"0",0,"0",0,"0",0,"1","0","0","0","0","0","0","0","1","0","0",201701,"Masters","Graduate School"
4049155,"2014","Fall",5,"0",0,"0",0,"0",0,"0",0,"0",0,"0",0,"0",0,"0",0,"0",0,"0",0,"1","0","1","0","0","0","0","0","1","0","0",201401,"Masters","Graduate School"
4074184,"2015","Fall",6,"0",0,"0",0,"0",0,"0",0,"0",0,"0",0,"0",0,"0",0,"0",0,"0",0,"1","0","0","0","0","0","0","0","1","0","0",201501,"Masters","Graduate School"
3109509,"2015","Winter",10,"1",0.4,"1",0.4,"0",0,"0",0,"1",0.4,"1",0.4,"0",0,"0",0,"0",0,"0",0,"1","0","1","0","0","0","0","0","0","0","0",201502,"Masters","Graduate School"
4359562,"2017","Fall",5,"0",0,"0",0,"0",0,"0",0,"0",0,"0",0,"0",0,"0",0,"0",0,"0",0,"1","0","0","0","0","0","0","0","1","0","0",201701,"Masters","Graduate School"
4230044,"2017","Spring",12,"0",0,"0",0,"0",0,"0",0,"0",0,"0",0,"0",0,"0",0,"0",0,"0",0,"0","0","1","0","0","0","0","0","0","0","0",201703,"Masters","Graduate School"
4049162,"2015","Spring",5,"0",0,"0",0,"0",0,"0",0,"0",0,"0",0,"0",0,"0",0,"0",0,"0",0,"0","0","1","0","0","0","0","0","0","0","0",201503,"Masters","Graduate School"
4383759,"2017","Fall",2,"0",0,"0",0,"0",0,"0",0,"0",0,"0",0,"0",0,"0",0,"0",0,"0",0,"0","0","0","0","0","0","0","0","0","0","0",201701,"Masters","Graduate School"
4266076,"2015","Spring",15,"0",0,"0",0,"0",0,"0",0,"0",0,"0",0,"0",0,"0",0,"0",0,"0",0,"1","0","1","0","0","0","0","0","1","0","0",201503,"Masters","Graduate School"
4283874,"2015","Winter",4,"0",0,"0",0,"0",0,"0",0,"0",0,"0",0,"0",0,"0",0,"0",0,"0",0,"0","0","0","0","0","0","0","0","0","0","0",201502,"Masters","Graduate School"
157104,"2015","Spring",3,"0",0,"0",0,"0",0,"0",0,"0",0,"0",0,"0",0,"0",0,"0",0,"0",0,"0","0","0","0","0","0","0","0","0","0","0",201503,"Masters","Graduate School"
2911332,"2014","Spring",5,"0",0,"0",0,"0",0,"0",0,"0",0,"0",0,"0",0,"0",0,"0",0,"0",0,"1","0","0","0","0","0","0","0","1","0","0",201403,"Masters","Graduate School"
3965185,"2014","Winter",5,"0",0,"0",0,"0",0,"0",0,"0",0,"0",0,"0",0,"0",0,"0",0,"0",0,"1","0","1","0","0","0","0","0","1","0","0",201402,"Masters","Graduate School"
3973590,"2016","Winter",5,"0",0,"0",0,"0",0,"0",0,"0",0,"0",0,"0",0,"0",0,"0",0,"0",0,"1","0","1","0","0","0","0","0","1","0","0",201602,"Masters","Graduate School"
381116,"2015","Spring",5,"0",0,"0",0,"0",0,"0",0,"0",0,"0",0,"0",0,"0",0,"0",0,"0",0,"0","0","1","0","0","0","0","0","0","0","0",201503,"Masters","Graduate School"
4263693,"2017","Fall",6,"0",0,"0",0,"0",0,"0",0,"0",0,"0",0,"0",0,"0",0,"0",0,"0",0,"1","0","1","0","0","0","0","0","1","0","0",201701,"Masters","Graduate School"
3109509,"2017","Spring",5,"0",0,"0",0,"0",0,"0",0,"0",0,"0",0,"0",0,"0",0,"0",0,"0",0,"1","0","1","0","0","0","0","0","0","0","0",201703,"Masters","Graduate School"
4357192,"2016","Winter",5,"0",0,"0",0,"0",0,"0",0,"0",0,"0",0,"0",0,"0",0,"0",0,"0",0,"1","0","0","0","0","0","0","0","1","0","0",201602,"Masters","Graduate School"
4155066,"2015","Spring",5,"0",0,"0",0,"0",0,"0",0,"0",0,"0",0,"0",0,"0",0,"0",0,"0",0,"0","0","0","0","0","0","0","0","0","0","0",201503,"Masters","Graduate School"
4066161,"2015","Winter",3,"0",0,"0",0,"0",0,"0",0,"0",0,"0",0,"0",0,"0",0,"0",0,"0",0,"0","0","0","0","0","0","0","0","0","0","0",201502,"Masters","Graduate School"
2717990,"2014","Winter",3,"0",0,"0",0,"0",0,"0",0,"0",0,"0",0,"0",0,"0",0,"0",0,"0",0,"1","0","0","0","0","0","0","0","1","0","0",201402,"Masters","Graduate School"
4263693,"2018","Winter",5,"0",0,"0",0,"0",0,"0",0,"0",0,"0",0,"0",0,"0",0,"0",0,"0",0,"0","0","1","0","0","0","0","0","0","0","0",201802,"Masters","Graduate School"
4241140,"2016","Winter",8,"0",0,"0",0,"0",0,"0",0,"0",0,"0",0,"0",0,"0",0,"0",0,"0",0,"1","0","1","0","0","0","0","0","1","0","0",201602,"Masters","Graduate School"
2797191,"2018","Fall",3,"0",0,"0",0,"0",0,"0",0,"0",0,"0",0,"0",0,"0",0,"0",0,"0",0,"1","0","0","0","0","0","0","0","0","0","0",201801,"Masters","Graduate School"
3516942,"2014","Spring",5,"0",0,"0",0,"0",0,"0",0,"0",0,"0",0,"0",0,"0",0,"0",0,"0",0,"1","0","0","0","0","0","0","0","1","0","0",201403,"Masters","Graduate School"
4462818,"2017","Spring",5,"0",0,"0",0,"0",0,"0",0,"0",0,"0",0,"0",0,"0",0,"0",0,"0",0,"0","0","1","0","0","0","0","0","0","0","0",201703,"Masters","Graduate School"
2405407,"2015","Winter",5,"0",0,"0",0,"0",0,"0",0,"0",0,"0",0,"0",0,"0",0,"0",0,"0",0,"0","0","0","0","0","0","0","0","0","0","0",201502,"Masters","Graduate School"
3314117,"2014","Winter",5,"0",0,"0",0,"0",0,"0",0,"0",0,"0",0,"0",0,"0",0,"0",0,"0",0,"1","0","1","0","0","0","0","0","1","0","0",201402,"Masters","Graduate School"
4197850,"2017","Winter",5,"0",0,"0",0,"0",0,"0",0,"0",0,"0",0,"0",0,"0",0,"0",0,"0",0,"0","0","0","0","0","0","0","0","0","0","0",201702,"Masters","Graduate School"
3662768,"2015","Fall",5,"0",0,"0",0,"0",0,"0",0,"0",0,"0",0,"0",0,"0",0,"0",0,"0",0,"0","0","0","0","0","0","0","0","0","0","0",201501,"Masters","Graduate School"
889591,"2019","Fall",3,"0",0,"0",0,"0",0,"0",0,"0",0,"0",0,"0",0,"0",0,"0",0,"0",0,"0","0","0","0","0","0","0","0","0","0","0",201901,"Masters","Graduate School"
2744013,"2017","Winter",5,"0",0,"0",0,"0",0,"0",0,"0",0,"0",0,"0",0,"0",0,"0",0,"0",0,"1","0","0","0","0","0","0","0","0","0","0",201702,"Masters","Graduate School"
4285686,"2017","Winter",5,"0",0,"0",0,"0",0,"0",0,"0",0,"0",0,"0",0,"0",0,"0",0,"0",0,"0","0","0","0","0","0","0","0","0","0","0",201702,"Masters","Graduate School"
2769940,"2014","Winter",7,"0",0,"0",0,"0",0,"0",0,"0",0,"0",0,"0",0,"0",0,"0",0,"0",0,"1","0","0","0","0","0","0","0","1","0","0",201402,"Masters","Graduate School"
4175813,"2016","Fall",5,"0",0,"0",0,"0",0,"0",0,"0",0,"0",0,"0",0,"0",0,"0",0,"0",0,"1","0","1","0","0","0","0","0","1","0","0",201601,"Masters","Graduate School"
4459013,"2019","Winter",3,"0",0,"0",0,"0",0,"0",0,"0",0,"0",0,"0",0,"0",0,"0",0,"0",0,"0","0","0","0","0","0","0","0","0","0","0",201902,"Masters","Graduate School"
4241140,"2016","Spring",8,"0",0,"0",0,"0",0,"0",0,"0",0,"0",0,"0",0,"0",0,"0",0,"0",0,"1","0","1","0","0","0","0","0","1","0","0",201603,"Masters","Graduate School"
3771535,"2017","Spring",14,"0",0,"0",0,"0",0,"0",0,"0",0,"0",0,"0",0,"0",0,"0",0,"0",0,"0","0","1","0","0","0","0","0","0","0","0",201703,"Masters","Graduate School"
4155066,"2016","Winter",5,"0",0,"0",0,"0",0,"0",0,"0",0,"0",0,"0",0,"0",0,"0",0,"0",0,"1","0","0","0","0","0","0","0","1","0","0",201602,"Masters","Graduate School"
4049155,"2014","Winter",5,"0",0,"0",0,"0",0,"0",0,"0",0,"0",0,"0",0,"0",0,"0",0,"0",0,"1","0","0","0","0","0","0","0","1","0","0",201402,"Masters","Graduate School"
4459013,"2017","Winter",5,"0",0,"0",0,"0",0,"0",0,"0",0,"0",0,"0",0,"0",0,"0",0,"0",0,"1","0","0","0","0","0","0","0","0","0","0",201702,"Masters","Graduate School"
3365248,"2015","Winter",5,"0",0,"0",0,"0",0,"0",0,"0",0,"0",0,"0",0,"0",0,"0",0,"0",0,"1","0","0","0","0","0","0","0","0","0","0",201502,"Masters","Graduate School"
4230044,"2019","Fall",3,"0",0,"0",0,"0",0,"0",0,"0",0,"0",0,"0",0,"0",0,"0",0,"0",0,"0","0","0","0","0","0","0","0","0","0","0",201901,"Masters","Graduate School"
3662768,"2015","Winter",5,"0",0,"0",0,"0",0,"0",0,"0",0,"0",0,"0",0,"0",0,"0",0,"0",0,"0","0","0","0","0","0","0","0","0","0","0",201502,"Masters","Graduate School"
3365248,"2015","Spring",6,"0",0,"0",0,"0",0,"0",0,"0",0,"0",0,"0",0,"0",0,"0",0,"0",0,"1","0","0","0","0","0","0","0","0","0","0",201503,"Masters","Graduate School"
3109509,"2017","Winter",5,"0",0,"0",0,"0",0,"0",0,"0",0,"0",0,"0",0,"0",0,"0",0,"0",0,"0","0","1","0","0","0","0","0","0","0","0",201702,"Masters","Graduate School"
3752089,"2017","Winter",5,"0",0,"0",0,"0",0,"0",0,"0",0,"0",0,"0",0,"0",0,"0",0,"0",0,"1","0","1","0","0","0","0","0","1","0","0",201702,"Masters","Graduate School"
4282743,"2016","Spring",5,"0",0,"0",0,"0",0,"0",0,"0",0,"0",0,"0",0,"0",0,"0",0,"0",0,"1","0","1","0","0","0","0","0","1","0","0",201603,"Masters","Graduate School"
4263693,"2017","Fall",3,"0",0,"0",0,"0",0,"0",0,"0",0,"0",0,"0",0,"0",0,"0",0,"0",0,"0","0","0","0","0","0","0","0","0","0","0",201701,"Masters","Graduate School"
399688,"2014","Winter",5,"0",0,"0",0,"0",0,"0",0,"0",0,"0",0,"0",0,"0",0,"0",0,"0",0,"1","0","0","0","0","0","0","0","1","0","0",201402,"Masters","Graduate School"
4167089,"2015","Fall",11,"0",0,"0",0,"0",0,"0",0,"0",0,"0",0,"0",0,"0",0,"0",0,"0",0,"0","0","1","0","0","0","0","0","0","0","0",201501,"Masters","Graduate School"
4167089,"2015","Winter",11,"0",0,"0",0,"0",0,"0",0,"0",0,"0",0,"0",0,"0",0,"0",0,"0",0,"0","0","1","0","0","0","0","0","0","0","0",201502,"Masters","Graduate School"
4285686,"2015","Spring",3,"0",0,"0",0,"0",0,"0",0,"0",0,"0",0,"0",0,"0",0,"0",0,"0",0,"0","0","0","0","0","0","0","0","0","0","0",201503,"Masters","Graduate School"
4255287,"2017","Fall",3,"0",0,"0",0,"0",0,"0",0,"0",0,"0",0,"0",0,"0",0,"0",0,"0",0,"0","0","0","0","0","0","0","0","0","0","0",201701,"Masters","Graduate School"
3365248,"2014","Fall",5,"0",0,"0",0,"0",0,"0",0,"0",0,"0",0,"0",0,"0",0,"0",0,"0",0,"1","0","0","0","0","0","0","0","1","0","0",201401,"Masters","Graduate School"
66532,"2015","Winter",5,"0",0,"0",0,"0",0,"0",0,"0",0,"0",0,"0",0,"0",0,"0",0,"0",0,"0","0","0","0","0","0","0","0","0","0","0",201502,"Masters","Graduate School"
4171898,"2016","Spring",5,"0",0,"0",0,"0",0,"0",0,"0",0,"0",0,"0",0,"0",0,"0",0,"0",0,"1","0","1","0","0","0","0","0","1","0","0",201603,"Masters","Graduate School"
3928190,"2014","Fall",6,"0",0,"0",0,"0",0,"0",0,"0",0,"0",0,"0",0,"0",0,"0",0,"0",0,"1","0","0","0","0","0","0","0","1","0","0",201401,"Masters","Graduate School"
4146819,"2015","Winter",5,"0",0,"0",0,"0",0,"0",0,"0",0,"0",0,"0",0,"0",0,"0",0,"0",0,"0","0","0","0","0","0","0","0","0","0","0",201502,"Masters","Graduate School"
4092618,"2015","Winter",5,"0",0,"0",0,"0",0,"0",0,"0",0,"0",0,"0",0,"0",0,"0",0,"0",0,"0","0","1","0","0","0","0","0","0","0","0",201502,"Masters","Graduate School"
4199245,"2015","Fall",5,"0",0,"0",0,"0",0,"0",0,"0",0,"0",0,"0",0,"0",0,"0",0,"0",0,"0","0","0","0","0","0","0","0","0","0","0",201501,"Masters","Graduate School"
4174504,"2015","Winter",5,"0",0,"0",0,"0",0,"0",0,"0",0,"0",0,"0",0,"0",0,"0",0,"0",0,"0","0","1","0","0","0","0","0","0","0","0",201502,"Masters","Graduate School"
4047087,"2015","Winter",5,"0",0,"0",0,"0",0,"0",0,"0",0,"0",0,"0",0,"0",0,"0",0,"0",0,"0","0","1","0","0","0","0","0","0","0","0",201502,"Masters","Graduate School"
4044468,"2017","Winter",9,"0",0,"0",0,"0",0,"0",0,"0",0,"0",0,"0",0,"0",0,"0",0,"0",0,"0","0","1","0","0","0","0","0","0","0","0",201702,"Masters","Graduate School"
889591,"2015","Fall",6,"0",0,"0",0,"0",0,"0",0,"0",0,"0",0,"0",0,"0",0,"0",0,"0",0,"0","0","1","0","0","0","0","0","0","0","0",201501,"Masters","Graduate School"
3365248,"2015","Spring",6,"0",0,"0",0,"0",0,"0",0,"0",0,"0",0,"0",0,"0",0,"0",0,"0",0,"0","0","1","0","0","0","0","0","0","0","0",201503,"Masters","Graduate School"
3950855,"2014","Spring",6,"0",0,"0",0,"0",0,"0",0,"0",0,"0",0,"0",0,"0",0,"0",0,"0",0,"1","0","1","0","0","0","0","0","1","0","0",201403,"Masters","Graduate School"
4282743,"2017","Spring",2,"0",0,"0",0,"0",0,"0",0,"0",0,"0",0,"0",0,"0",0,"0",0,"0",0,"0","0","0","0","0","0","0","0","0","0","0",201703,"Masters","Graduate School"
4092618,"2015","Winter",5,"0",0,"0",0,"0",0,"0",0,"0",0,"0",0,"0",0,"0",0,"0",0,"0",0,"0","0","1","0","0","0","0","0","0","0","0",201502,"Masters","Graduate School"
4263693,"2017","Fall",5,"0",0,"0",0,"0",0,"0",0,"0",0,"0",0,"0",0,"0",0,"0",0,"0",0,"0","0","1","0","0","0","0","0","0","0","0",201701,"Masters","Graduate School"
2744013,"2017","Fall",6,"0",0,"0",0,"0",0,"0",0,"0",0,"0",0,"0",0,"0",0,"0",0,"0",0,"1","0","0","0","0","0","0","0","1","0","0",201701,"Masters","Graduate School"
4167089,"2015","Fall",9,"0",0,"0",0,"0",0,"0",0,"0",0,"0",0,"0",0,"0",0,"0",0,"0",0,"0","0","1","0","0","0","0","0","0","0","0",201501,"Masters","Graduate School"
4270921,"2016","Spring",6,"0",0,"0",0,"0",0,"0",0,"0",0,"0",0,"0",0,"0",0,"0",0,"0",0,"1","0","0","0","0","0","0","0","1","0","0",201603,"Masters","Graduate School"
302074,"2014","Winter",5,"0",0,"0",0,"0",0,"0",0,"0",0,"0",0,"0",0,"0",0,"0",0,"0",0,"1","0","1","0","0","0","0","0","1","0","0",201402,"Masters","Graduate School"
4359562,"2017","Winter",5,"0",0,"0",0,"0",0,"0",0,"0",0,"0",0,"0",0,"0",0,"0",0,"0",0,"1","0","0","0","0","0","0","0","0","0","0",201702,"Masters","Graduate School"
4279548,"2017","Fall",5,"0",0,"0",0,"0",0,"0",0,"0",0,"0",0,"0",0,"0",0,"0",0,"0",0,"0","0","0","0","0","0","0","0","0","0","0",201701,"Masters","Graduate School"
4092618,"2015","Spring",5,"0",0,"0",0,"0",0,"0",0,"0",0,"0",0,"0",0,"0",0,"0",0,"0",0,"1","0","1","0","0","0","0","0","1","0","0",201503,"Masters","Graduate School"
4175813,"2014","Spring",5,"0",0,"0",0,"0",0,"0",0,"0",0,"0",0,"0",0,"0",0,"0",0,"0",0,"1","0","1","0","0","0","0","0","1","0","0",201403,"Masters","Graduate School"
2911332,"2014","Fall",5,"0",0,"0",0,"0",0,"0",0,"0",0,"0",0,"0",0,"0",0,"0",0,"0",0,"1","0","0","0","0","0","0","0","1","0","0",201401,"Masters","Graduate School"
399688,"2014","Winter",5,"0",0,"0",0,"0",0,"0",0,"0",0,"0",0,"0",0,"0",0,"0",0,"0",0,"1","0","0","0","0","0","0","0","1","0","0",201402,"Masters","Graduate School"
399688,"2015","Winter",5,"0",0,"0",0,"0",0,"0",0,"0",0,"0",0,"0",0,"0",0,"0",0,"0",0,"0","0","0","0","0","0","0","0","0","0","0",201502,"Masters","Graduate School"
4459013,"2017","Fall",3,"0",0,"0",0,"0",0,"0",0,"0",0,"0",0,"0",0,"0",0,"0",0,"0",0,"0","0","0","0","0","0","0","0","0","0","0",201701,"Masters","Graduate School"
4047161,"2015","Spring",5,"0",0,"0",0,"0",0,"0",0,"0",0,"0",0,"0",0,"0",0,"0",0,"0",0,"0","0","1","0","0","0","0","0","0","0","0",201503,"Masters","Graduate School"
4066161,"2015","Winter",5,"0",0,"0",0,"0",0,"0",0,"0",0,"0",0,"0",0,"0",0,"0",0,"0",0,"0","0","0","0","0","0","0","0","0","0","0",201502,"Masters","Graduate School"
2717990,"2014","Fall",6,"0",0,"0",0,"0",0,"0",0,"0",0,"0",0,"0",0,"0",0,"0",0,"0",0,"1","0","0","0","0","0","0","0","1","0","0",201401,"Masters","Graduate School"
2732913,"2016","Spring",5,"0",0,"0",0,"0",0,"0",0,"0",0,"0",0,"0",0,"0",0,"0",0,"0",0,"1","0","0","0","0","0","0","0","1","0","0",201603,"Masters","Graduate School"
2076852,"2019","Winter",5,"0",0,"0",0,"0",0,"0",0,"0",0,"0",0,"0",0,"0",0,"0",0,"0",0,"0","0","0","0","0","0","0","0","0","0","0",201902,"Masters","Graduate School"
4279548,"2017","Fall",5,"0",0,"0",0,"0",0,"0",0,"0",0,"0",0,"0",0,"0",0,"0",0,"0",0,"0","0","0","0","0","0","0","0","0","0","0",201701,"Masters","Graduate School"
3255470,"2014","Fall",5,"0",0,"0",0,"0",0,"0",0,"0",0,"0",0,"0",0,"0",0,"0",0,"0",0,"1","0","1","0","0","0","0","0","1","0","0",201401,"Masters","Graduate School"
381116,"2015","Fall",6,"0",0,"0",0,"0",0,"0",0,"0",0,"0",0,"0",0,"0",0,"0",0,"0",0,"0","0","1","0","0","0","0","0","0","0","0",201501,"Masters","Graduate School"
4357192,"2016","Winter",5,"0",0,"0",0,"0",0,"0",0,"0",0,"0",0,"0",0,"0",0,"0",0,"0",0,"1","0","0","0","0","0","0","0","1","0","0",201602,"Masters","Graduate School"
4241140,"2017","Fall",6,"0",0,"0",0,"0",0,"0",0,"0",0,"0",0,"0",0,"0",0,"0",0,"0",0,"0","0","0","0","0","0","0","0","0","0","0",201701,"Masters","Graduate School"
4049162,"2014","Winter",5,"0",0,"0",0,"0",0,"0",0,"0",0,"0",0,"0",0,"0",0,"0",0,"0",0,"1","0","1","0","0","0","0","0","1","0","0",201402,"Masters","Graduate School"
2861501,"2017","Fall",5,"0",0,"0",0,"0",0,"0",0,"0",0,"0",0,"0",0,"0",0,"0",0,"0",0,"1","0","1","0","0","0","0","0","1","0","0",201701,"Masters","Graduate School"
4139839,"2015","Spring",5,"0",0,"0",0,"0",0,"0",0,"0",0,"0",0,"0",0,"0",0,"0",0,"0",0,"0","0","0","0","0","0","0","0","0","0","0",201503,"Masters","Graduate School"
4281265,"2016","Winter",5,"0",0,"0",0,"0",0,"0",0,"0",0,"0",0,"0",0,"0",0,"0",0,"0",0,"1","0","1","0","0","0","0","0","1","0","0",201602,"Masters","Graduate School"
4139801,"2016","Spring",3,"0",0,"0",0,"0",0,"0",0,"0",0,"0",0,"0",0,"0",0,"0",0,"0",0,"1","0","0","0","0","0","0","0","1","0","0",201603,"Masters","Graduate School"
4170442,"2016","Fall",9,"0",0,"0",0,"0",0,"0",0,"0",0,"0",0,"0",0,"0",0,"0",0,"0",0,"0","0","0","0","0","0","0","0","0","0","0",201601,"Masters","Graduate School"
4372097,"2018","Winter",3,"0",0,"0",0,"0",0,"0",0,"0",0,"0",0,"0",0,"0",0,"0",0,"0",0,"0","0","0","0","0","0","0","0","0","0","0",201802,"Masters","Graduate School"
4049155,"2015","Winter",5,"0",0,"0",0,"0",0,"0",0,"0",0,"0",0,"0",0,"0",0,"0",0,"0",0,"0","0","0","0","0","0","0","0","0","0","0",201502,"Masters","Graduate School"
3255470,"2014","Fall",6,"0",0,"0",0,"0",0,"0",0,"0",0,"0",0,"0",0,"0",0,"0",0,"0",0,"1","0","1","0","0","0","0","0","1","0","0",201401,"Masters","Graduate School"
2076852,"2018","Fall",6,"0",0,"0",0,"0",0,"0",0,"0",0,"0",0,"0",0,"0",0,"0",0,"0",0,"1","0","0","0","0","0","0","0","1","0","0",201801,"Masters","Graduate School"
4359562,"2017","Spring",5,"0",0,"0",0,"0",0,"0",0,"0",0,"0",0,"0",0,"0",0,"0",0,"0",0,"1","0","0","0","0","0","0","0","0","0","0",201703,"Masters","Graduate School"
3662768,"2015","Winter",3,"0",0,"0",0,"0",0,"0",0,"0",0,"0",0,"0",0,"0",0,"0",0,"0",0,"0","0","0","0","0","0","0","0","0","0","0",201502,"Masters","Graduate School"
4241816,"2016","Fall",11,"0",0,"0",0,"0",0,"0",0,"0",0,"0",0,"0",0,"0",0,"0",0,"0",0,"0","0","1","0","0","0","0","0","0","0","0",201601,"Masters","Graduate School"
4036695,"2014","Fall",6,"0",0,"0",0,"0",0,"0",0,"0",0,"0",0,"0",0,"0",0,"0",0,"0",0,"1","0","1","0","0","0","0","0","1","0","0",201401,"Masters","Graduate School"
66532,"2015","Fall",6,"0",0,"0",0,"0",0,"0",0,"0",0,"0",0,"0",0,"0",0,"0",0,"0",0,"0","0","0","0","0","0","0","0","0","0","0",201501,"Masters","Graduate School"
157104,"2015","Fall",5,"0",0,"0",0,"0",0,"0",0,"0",0,"0",0,"0",0,"0",0,"0",0,"0",0,"0","0","1","0","0","0","0","0","0","0","0",201501,"Masters","Graduate School"
3959904,"2014","Fall",6,"0",0,"0",0,"0",0,"0",0,"0",0,"0",0,"0",0,"0",0,"0",0,"0",0,"1","0","1","0","0","0","0","0","1","0","0",201401,"Masters","Graduate School"
4074184,"2015","Fall",6,"0",0,"0",0,"0",0,"0",0,"0",0,"0",0,"0",0,"0",0,"0",0,"0",0,"0","0","0","0","0","0","0","0","0","0","0",201501,"Masters","Graduate School"
4074184,"2014","Winter",5,"0",0,"0",0,"0",0,"0",0,"0",0,"0",0,"0",0,"0",0,"0",0,"0",0,"1","0","0","0","0","0","0","0","1","0","0",201402,"Masters","Graduate School"
4013051,"2014","Spring",6,"0",0,"0",0,"0",0,"0",0,"0",0,"0",0,"0",0,"0",0,"0",0,"0",0,"1","0","0","0","0","0","0","0","1","0","0",201403,"Masters","Graduate School"
2797191,"2016","Winter",5,"0",0,"0",0,"0",0,"0",0,"0",0,"0",0,"0",0,"0",0,"0",0,"0",0,"1","0","0","0","0","0","0","0","1","0","0",201602,"Masters","Graduate School"
4050773,"2014","Spring",5,"0",0,"0",0,"0",0,"0",0,"0",0,"0",0,"0",0,"0",0,"0",0,"0",0,"1","0","0","0","0","0","0","0","1","0","0",201403,"Masters","Graduate School"
3959904,"2014","Spring",5,"0",0,"0",0,"0",0,"0",0,"0",0,"0",0,"0",0,"0",0,"0",0,"0",0,"1","0","0","0","0","0","0","0","1","0","0",201403,"Masters","Graduate School"
4047087,"2014","Winter",5,"0",0,"0",0,"0",0,"0",0,"0",0,"0",0,"0",0,"0",0,"0",0,"0",0,"1","0","1","0","0","0","0","0","1","0","0",201402,"Masters","Graduate School"
4036695,"2016","Winter",5,"0",0,"0",0,"0",0,"0",0,"0",0,"0",0,"0",0,"0",0,"0",0,"0",0,"1","0","1","0","0","0","0","0","1","0","0",201602,"Masters","Graduate School"
2744013,"2015","Winter",5,"0",0,"0",0,"0",0,"0",0,"0",0,"0",0,"0",0,"0",0,"0",0,"0",0,"0","0","0","0","0","0","0","0","0","0","0",201502,"Masters","Graduate School"
3352431,"2017","Fall",5,"0",0,"0",0,"0",0,"0",0,"0",0,"0",0,"0",0,"0",0,"0",0,"0",0,"1","0","1","0","0","0","0","0","1","0","0",201701,"Masters","Graduate School"
4139801,"2016","Fall",3,"0",0,"0",0,"0",0,"0",0,"0",0,"0",0,"0",0,"0",0,"0",0,"0",0,"1","0","0","0","0","0","0","0","1","0","0",201601,"Masters","Graduate School"
4146819,"2014","Winter",5,"0",0,"0",0,"0",0,"0",0,"0",0,"0",0,"0",0,"0",0,"0",0,"0",0,"1","0","0","0","0","0","0","0","1","0","0",201402,"Masters","Graduate School"
302074,"2014","Fall",5,"0",0,"0",0,"0",0,"0",0,"0",0,"0",0,"0",0,"0",0,"0",0,"0",0,"1","0","1","0","0","0","0","0","1","0","0",201401,"Masters","Graduate School"
2911332,"2015","Winter",5,"0",0,"0",0,"0",0,"0",0,"0",0,"0",0,"0",0,"0",0,"0",0,"0",0,"1","0","0","0","0","0","0","0","0","0","0",201502,"Masters","Graduate School"
3365248,"2015","Spring",6,"0",0,"0",0,"0",0,"0",0,"0",0,"0",0,"0",0,"0",0,"0",0,"0",0,"1","0","0","0","0","0","0","0","0","0","0",201503,"Masters","Graduate School"
4147003,"2015","Winter",5,"0",0,"0",0,"0",0,"0",0,"0",0,"0",0,"0",0,"0",0,"0",0,"0",0,"0","0","1","0","0","0","0","0","0","0","0",201502,"Masters","Graduate School"
4139839,"2015","Fall",6,"0",0,"0",0,"0",0,"0",0,"0",0,"0",0,"0",0,"0",0,"0",0,"0",0,"0","0","0","0","0","0","0","0","0","0","0",201501,"Masters","Graduate School"
4385085,"2017","Fall",3,"0",0,"0",0,"0",0,"0",0,"0",0,"0",0,"0",0,"0",0,"0",0,"0",0,"0","0","0","0","0","0","0","0","0","0","0",201701,"Masters","Graduate School"
4170442,"2016","Fall",9,"0",0,"0",0,"0",0,"0",0,"0",0,"0",0,"0",0,"0",0,"0",0,"0",0,"0","0","0","0","0","0","0","0","0","0","0",201601,"Masters","Graduate School"
4427025,"2019","Fall",3,"0",0,"0",0,"0",0,"0",0,"0",0,"0",0,"0",0,"0",0,"0",0,"0",0,"0","0","0","0","0","0","0","0","0","0","0",201901,"Masters","Graduate School"
4283874,"2015","Winter",5,"0",0,"0",0,"0",0,"0",0,"0",0,"0",0,"0",0,"0",0,"0",0,"0",0,"1","0","0","0","0","0","0","0","1","0","0",201502,"Masters","Graduate School"
3365248,"2014","Winter",5,"0",0,"0",0,"0",0,"0",0,"0",0,"0",0,"0",0,"0",0,"0",0,"0",0,"1","0","0","0","0","0","0","0","1","0","0",201402,"Masters","Graduate School"
4230044,"2017","Winter",3,"0",0,"0",0,"0",0,"0",0,"0",0,"0",0,"0",0,"0",0,"0",0,"0",0,"0","0","0","0","0","0","0","0","0","0","0",201702,"Masters","Graduate School"
3255470,"2014","Spring",9,"0",0,"0",0,"0",0,"0",0,"0",0,"0",0,"0",0,"0",0,"0",0,"0",0,"0","0","1","0","0","0","0","0","0","0","0",201403,"Masters","Graduate School"
4092618,"2015","Fall",6,"0",0,"0",0,"0",0,"0",0,"0",0,"0",0,"0",0,"0",0,"0",0,"0",0,"0","0","1","0","0","0","0","0","0","0","0",201501,"Masters","Graduate School"
4466682,"2017","Fall",2,"0",0,"0",0,"0",0,"0",0,"0",0,"0",0,"0",0,"0",0,"0",0,"0",0,"0","0","0","0","0","0","0","0","0","0","0",201701,"Masters","Graduate School"
4155066,"2014","Winter",5,"0",0,"0",0,"0",0,"0",0,"0",0,"0",0,"0",0,"0",0,"0",0,"0",0,"1","0","0","0","0","0","0","0","1","0","0",201402,"Masters","Graduate School"
2861501,"2018","Winter",6,"0",0,"0",0,"0",0,"0",0,"0",0,"0",0,"0",0,"0",0,"0",0,"0",0,"0","0","1","0","0","0","0","0","0","0","0",201802,"Masters","Graduate School"
2861501,"2018","Fall",5,"0",0,"0",0,"0",0,"0",0,"0",0,"0",0,"0",0,"0",0,"0",0,"0",0,"1","0","1","0","0","0","0","0","1","0","0",201801,"Masters","Graduate School"
4285686,"2016","Winter",5,"0",0,"0",0,"0",0,"0",0,"0",0,"0",0,"0",0,"0",0,"0",0,"0",0,"1","0","0","0","0","0","0","0","1","0","0",201602,"Masters","Graduate School"
2911332,"2014","Spring",6,"0",0,"0",0,"0",0,"0",0,"0",0,"0",0,"0",0,"0",0,"0",0,"0",0,"1","0","0","0","0","0","0","0","1","0","0",201403,"Masters","Graduate School"
4036695,"2015","Spring",3,"0",0,"0",0,"0",0,"0",0,"0",0,"0",0,"0",0,"0",0,"0",0,"0",0,"0","0","0","0","0","0","0","0","0","0","0",201503,"Masters","Graduate School"
4049155,"2014","Fall",6,"0",0,"0",0,"0",0,"0",0,"0",0,"0",0,"0",0,"0",0,"0",0,"0",0,"1","0","1","0","0","0","0","0","1","0","0",201401,"Masters","Graduate School"
3204458,"2018","Winter",5,"0",0,"0",0,"0",0,"0",0,"0",0,"0",0,"0",0,"0",0,"0",0,"0",0,"1","0","0","0","0","0","0","0","1","0","0",201802,"Masters","Graduate School"
3975524,"2014","Spring",5,"0",0,"0",0,"0",0,"0",0,"0",0,"0",0,"0",0,"0",0,"0",0,"0",0,"1","0","1","0","0","0","0","0","1","0","0",201403,"Masters","Graduate School"
3365248,"2014","Fall",14,"1",0.4,"1",0.4,"0",0,"0",0,"1",0.4,"1",0.4,"0",0,"0",0,"0",0,"0",0,"0","0","0","0","0","0","0","0","0","0","0",201401,"Masters","Graduate School"
3967942,"2015","Spring",3,"0",0,"0",0,"0",0,"0",0,"0",0,"0",0,"0",0,"0",0,"0",0,"0",0,"0","0","0","0","0","0","0","0","0","0","0",201503,"Masters","Graduate School"
4049162,"2015","Fall",6,"0",0,"0",0,"0",0,"0",0,"0",0,"0",0,"0",0,"0",0,"0",0,"0",0,"0","0","1","0","0","0","0","0","0","0","0",201501,"Masters","Graduate School"
4167089,"2016","Fall",16,"0",0,"0",0,"0",0,"0",0,"0",0,"0",0,"0",0,"0",0,"0",0,"0",0,"0","0","1","0","0","0","0","0","0","0","0",201601,"Masters","Graduate School"
2744013,"2014","Winter",5,"0",0,"0",0,"0",0,"0",0,"0",0,"0",0,"0",0,"0",0,"0",0,"0",0,"1","0","0","0","0","0","0","0","1","0","0",201402,"Masters","Graduate School"
3509254,"2015","Winter",10,"1",0.4,"1",0.4,"0",0,"0",0,"1",0.4,"1",0.4,"0",0,"0",0,"0",0,"0",0,"0","0","0","0","0","0","0","0","0","0","0",201502,"Masters","Graduate School"
2769940,"2016","Spring",3,"0",0,"0",0,"0",0,"0",0,"0",0,"0",0,"0",0,"0",0,"0",0,"0",0,"1","0","0","0","0","0","0","0","1","0","0",201603,"Masters","Graduate School"
3959904,"2014","Fall",6,"0",0,"0",0,"0",0,"0",0,"0",0,"0",0,"0",0,"0",0,"0",0,"0",0,"1","0","1","0","0","0","0","0","1","0","0",201401,"Masters","Graduate School"
3973590,"2014","Winter",5,"0",0,"0",0,"0",0,"0",0,"0",0,"0",0,"0",0,"0",0,"0",0,"0",0,"1","0","0","0","0","0","0","0","1","0","0",201402,"Masters","Graduate School"
4230044,"2018","Winter",7,"0",0,"0",0,"0",0,"0",0,"0",0,"0",0,"0",0,"0",0,"0",0,"0",0,"0","0","1","0","0","0","0","0","0","0","0",201802,"Masters","Graduate School"
2405407,"2014","Fall",6,"0",0,"0",0,"0",0,"0",0,"0",0,"0",0,"0",0,"0",0,"0",0,"0",0,"1","0","0","0","0","0","0","0","1","0","0",201401,"Masters","Graduate School"
3255470,"2014","Winter",9,"1",0.4,"1",0.4,"0",0,"0",0,"1",0.4,"1",0.4,"0",0,"0",0,"0",0,"0",0,"0","0","1","0","0","0","0","0","0","0","0",201402,"Masters","Graduate School"
4361379,"2018","Winter",3,"0",0,"0",0,"0",0,"0",0,"0",0,"0",0,"0",0,"0",0,"0",0,"0",0,"0","0","0","0","0","0","0","0","0","0","0",201802,"Masters","Graduate School"
2769940,"2015","Fall",5,"0",0,"0",0,"0",0,"0",0,"0",0,"0",0,"0",0,"0",0,"0",0,"0",0,"1","0","0","0","0","0","0","0","1","0","0",201501,"Masters","Graduate School"
2744013,"2017","Winter",3,"0",0,"0",0,"0",0,"0",0,"0",0,"0",0,"0",0,"0",0,"0",0,"0",0,"1","0","0","0","0","0","0","0","0","0","0",201702,"Masters","Graduate School"
3771535,"2017","Winter",11,"0",0,"0",0,"0",0,"0",0,"0",0,"0",0,"0",0,"0",0,"0",0,"0",0,"0","0","1","0","0","0","0","0","0","0","0",201702,"Masters","Graduate School"
3967942,"2017","Winter",9,"0",0,"0",0,"0",0,"0",0,"0",0,"0",0,"0",0,"0",0,"0",0,"0",0,"0","0","1","0","0","0","0","0","0","0","0",201702,"Masters","Graduate School"
399688,"2017","Spring",5,"0",0,"0",0,"0",0,"0",0,"0",0,"0",0,"0",0,"0",0,"0",0,"0",0,"0","0","0","0","0","0","0","0","0","0","0",201703,"Masters","Graduate School"
4361379,"2016","Fall",5,"0",0,"0",0,"0",0,"0",0,"0",0,"0",0,"0",0,"0",0,"0",0,"0",0,"1","0","1","0","0","0","0","0","1","1","0",201601,"Masters","Graduate School"
4282743,"2017","Fall",5,"0",0,"0",0,"0",0,"0",0,"0",0,"0",0,"0",0,"0",0,"0",0,"0",0,"0","0","1","0","0","0","0","0","0","0","0",201701,"Masters","Graduate School"
4459013,"2018","Fall",5,"0",0,"0",0,"0",0,"0",0,"0",0,"0",0,"0",0,"0",0,"0",0,"0",0,"1","0","0","0","0","0","0","0","1","0","0",201801,"Masters","Graduate School"
2769940,"2017","Winter",7,"0",0,"0",0,"0",0,"0",0,"0",0,"0",0,"0",0,"0",0,"0",0,"0",0,"1","0","0","0","0","0","0","0","0","0","0",201702,"Masters","Graduate School"
157104,"2014","Fall",6,"0",0,"0",0,"0",0,"0",0,"0",0,"0",0,"0",0,"0",0,"0",0,"0",0,"1","0","1","0","0","0","0","0","1","0","0",201401,"Masters","Graduate School"
4279548,"2017","Winter",5,"0",0,"0",0,"0",0,"0",0,"0",0,"0",0,"0",0,"0",0,"0",0,"0",0,"1","0","0","0","0","0","0","0","1","0","0",201702,"Masters","Graduate School"
4074763,"2014","Winter",5,"0",0,"0",0,"0",0,"0",0,"0",0,"0",0,"0",0,"0",0,"0",0,"0",0,"1","0","0","0","0","0","0","0","1","0","0",201402,"Masters","Graduate School"
2076852,"2018","Spring",6,"0",0,"0",0,"0",0,"0",0,"0",0,"0",0,"0",0,"0",0,"0",0,"0",0,"1","0","0","0","0","0","0","0","0","0","0",201803,"Masters","Graduate School"
4155066,"2016","Fall",5,"0",0,"0",0,"0",0,"0",0,"0",0,"0",0,"0",0,"0",0,"0",0,"0",0,"1","0","0","0","0","0","0","0","1","0","0",201601,"Masters","Graduate School"
4139801,"2015","Winter",5,"0",0,"0",0,"0",0,"0",0,"0",0,"0",0,"0",0,"0",0,"0",0,"0",0,"0","0","0","0","0","0","0","0","0","0","0",201502,"Masters","Graduate School"
4139839,"2015","Fall",6,"0",0,"0",0,"0",0,"0",0,"0",0,"0",0,"0",0,"0",0,"0",0,"0",0,"0","0","0","0","0","0","0","0","0","0","0",201501,"Masters","Graduate School"
3662768,"2017","Fall",5,"0",0,"0",0,"0",0,"0",0,"0",0,"0",0,"0",0,"0",0,"0",0,"0",0,"0","0","0","0","0","0","0","0","0","0","0",201701,"Masters","Graduate School"
4263693,"2017","Fall",5,"0",0,"0",0,"0",0,"0",0,"0",0,"0",0,"0",0,"0",0,"0",0,"0",0,"1","0","0","0","0","0","0","0","1","0","0",201701,"Masters","Graduate School"
2797191,"2018","Winter",6,"0",0,"0",0,"0",0,"0",0,"0",0,"0",0,"0",0,"0",0,"0",0,"0",0,"1","0","0","0","0","0","0","0","0","0","0",201802,"Masters","Graduate School"
4282743,"2015","Spring",5,"0",0,"0",0,"0",0,"0",0,"0",0,"0",0,"0",0,"0",0,"0",0,"0",0,"0","0","1","0","0","0","0","0","0","0","0",201503,"Masters","Graduate School"
3965185,"2014","Spring",5,"0",0,"0",0,"0",0,"0",0,"0",0,"0",0,"0",0,"0",0,"0",0,"0",0,"1","0","1","0","0","0","0","0","1","0","0",201403,"Masters","Graduate School"
4147003,"2014","Winter",5,"0",0,"0",0,"0",0,"0",0,"0",0,"0",0,"0",0,"0",0,"0",0,"0",0,"1","0","0","0","0","0","0","0","1","0","0",201402,"Masters","Graduate School"
4385085,"2016","Winter",3,"0",0,"0",0,"0",0,"0",0,"0",0,"0",0,"0",0,"0",0,"0",0,"0",0,"1","0","0","0","0","0","0","0","1","0","0",201602,"Masters","Graduate School"
4049155,"2014","Spring",6,"0",0,"0",0,"0",0,"0",0,"0",0,"0",0,"0",0,"0",0,"0",0,"0",0,"1","0","1","0","0","0","0","0","1","0","0",201403,"Masters","Graduate School"
3109509,"2014","Winter",5,"0",0,"0",0,"0",0,"0",0,"0",0,"0",0,"0",0,"0",0,"0",0,"0",0,"1","0","1","0","0","0","0","0","1","0","0",201402,"Masters","Graduate School"
2911332,"2014","Winter",5,"0",0,"0",0,"0",0,"0",0,"0",0,"0",0,"0",0,"0",0,"0",0,"0",0,"1","0","0","0","0","0","0","0","1","0","0",201402,"Masters","Graduate School"
2769940,"2015","Spring",6,"0",0,"0",0,"0",0,"0",0,"0",0,"0",0,"0",0,"0",0,"0",0,"0",0,"0","0","0","0","0","0","0","0","0","0","0",201503,"Masters","Graduate School"
4279548,"2017","Fall",5,"0",0,"0",0,"0",0,"0",0,"0",0,"0",0,"0",0,"0",0,"0",0,"0",0,"0","0","0","0","0","0","0","0","0","0","0",201701,"Masters","Graduate School"
4155066,"2014","Spring",5,"0",0,"0",0,"0",0,"0",0,"0",0,"0",0,"0",0,"0",0,"0",0,"0",0,"1","0","0","0","0","0","0","0","1","0","0",201403,"Masters","Graduate School"
3658914,"2018","Fall",5,"0",0,"0",0,"0",0,"0",0,"0",0,"0",0,"0",0,"0",0,"0",0,"0",0,"1","0","0","0","0","0","0","0","1","0","0",201801,"Masters","Graduate School"
381116,"2015","Winter",5,"0",0,"0",0,"0",0,"0",0,"0",0,"0",0,"0",0,"0",0,"0",0,"0",0,"0","0","1","0","0","0","0","0","0","0","0",201502,"Masters","Graduate School"
3967942,"2018","Fall",6,"0",0,"0",0,"0",0,"0",0,"0",0,"0",0,"0",0,"0",0,"0",0,"0",0,"1","0","1","0","0","0","0","0","1","0","0",201801,"Masters","Graduate School"
381116,"2014","Fall",6,"0",0,"0",0,"0",0,"0",0,"0",0,"0",0,"0",0,"0",0,"0",0,"0",0,"1","0","1","0","0","0","0","0","1","0","0",201401,"Masters","Graduate School"
4077172,"2014","Fall",5,"0",0,"0",0,"0",0,"0",0,"0",0,"0",0,"0",0,"0",0,"0",0,"0",0,"1","0","1","0","0","0","0","0","1","0","0",201401,"Masters","Graduate School"
2911332,"2014","Winter",5,"0",0,"0",0,"0",0,"0",0,"0",0,"0",0,"0",0,"0",0,"0",0,"0",0,"1","0","0","0","0","0","0","0","1","0","0",201402,"Masters","Graduate School"
3975524,"2015","Fall",6,"0",0,"0",0,"0",0,"0",0,"0",0,"0",0,"0",0,"0",0,"0",0,"0",0,"0","0","1","0","0","0","0","0","0","0","0",201501,"Masters","Graduate School"
3314117,"2014","Fall",14,"1",0.4,"1",0.4,"0",0,"0",0,"1",0.4,"1",0.4,"0",0,"0",0,"0",0,"0",0,"0","0","1","0","0","0","0","0","0","0","0",201401,"Masters","Graduate School"
4266076,"2017","Spring",15,"0",0,"0",0,"0",0,"0",0,"0",0,"0",0,"0",0,"0",0,"0",0,"0",0,"0","0","1","0","0","0","0","0","0","0","0",201703,"Masters","Graduate School"
4361379,"2016","Spring",5,"0",0,"0",0,"0",0,"0",0,"0",0,"0",0,"0",0,"0",0,"0",0,"0",0,"1","0","1","0","0","0","0","0","1","0","0",201603,"Masters","Graduate School"
4050773,"2015","Winter",3,"0",0,"0",0,"0",0,"0",0,"0",0,"0",0,"0",0,"0",0,"0",0,"0",0,"0","0","0","0","0","0","0","0","0","0","0",201502,"Masters","Graduate School"
4155066,"2015","Winter",5,"0",0,"0",0,"0",0,"0",0,"0",0,"0",0,"0",0,"0",0,"0",0,"0",0,"0","0","0","0","0","0","0","0","0","0","0",201502,"Masters","Graduate School"
4427025,"2019","Spring",3,"0",0,"0",0,"0",0,"0",0,"0",0,"0",0,"0",0,"0",0,"0",0,"0",0,"0","0","0","0","0","0","0","0","0","0","0",201902,"Masters","Graduate School"
2797191,"2017","Winter",5,"0",0,"0",0,"0",0,"0",0,"0",0,"0",0,"0",0,"0",0,"0",0,"0",0,"1","0","0","0","0","0","0","0","0","0","0",201702,"Masters","Graduate School"
4427025,"2017","Fall",2,"0",0,"0",0,"0",0,"0",0,"0",0,"0",0,"0",0,"0",0,"0",0,"0",0,"1","0","0","0","0","0","0","0","1","0","0",201701,"Masters","Graduate School"
