"term","total_credits","ge","ge_fte","ge_teach","ge_teach_fte","ge_rsch","ge_rsch_fte","ge_admin","ge_admin_fte","ge_general","ge_general_fte","ge_gen_teach","ge_gen_teach_fte","ge_gen_rsch","ge_gen_rsch_fte","ge_gen_admin","ge_gen_admin_fte","ge_rsch_funded","ge_rsch_funded_fte","dept_fund","dept_fund_fte","support","remission","loan","work_study","fyf","nsf","raymund","lokey","grantschol","general_funded","nsf_diss","sort_term","student_level","course_dept"
"Winter",5,"0",0,"0",0,"0",0,"0",0,"0",0,"0",0,"0",0,"0",0,"0",0,"0",0,"1","0","0","0","0","0","0","0","1","0","0","201402","Masters","Graduate School"
"Spring",5,"0",0,"0",0,"0",0,"0",0,"0",0,"0",0,"0",0,"0",0,"0",0,"0",0,"1","0","0","0","0","0","0","0","0","0","0","201703","Masters","Graduate School"
"Winter",5,"0",0,"0",0,"0",0,"0",0,"0",0,"0",0,"0",0,"0",0,"0",0,"0",0,"1","0","0","0","0","0","0","0","1","0","0","201402","Masters","Graduate School"
"Fall",6,"0",0,"0",0,"0",0,"0",0,"0",0,"0",0,"0",0,"0",0,"0",0,"0",0,"1","0","0","0","0","0","0","0","1","0","0","201401","Masters","Graduate School"
"Fall",3,"0",0,"0",0,"0",0,"0",0,"0",0,"0",0,"0",0,"0",0,"0",0,"0",0,"1","0","0","0","0","0","0","0","0","0","0","201901","Masters","Graduate School"
"Winter",3,"0",0,"0",0,"0",0,"0",0,"0",0,"0",0,"0",0,"0",0,"0",0,"0",0,"1","0","0","0","0","0","0","0","1","0","0","201802","Masters","Graduate School"
"Winter",5,"0",0,"0",0,"0",0,"0",0,"0",0,"0",0,"0",0,"0",0,"0",0,"0",0,"1","0","0","0","0","0","0","0","1","0","0","201602","Masters","Graduate School"
"Spring",5,"0",0,"0",0,"0",0,"0",0,"0",0,"0",0,"0",0,"0",0,"0",0,"0",0,"0","0","1","0","0","0","0","0","0","0","0","201503","Masters","Graduate School"
"Winter",5,"0",0,"0",0,"0",0,"0",0,"0",0,"0",0,"0",0,"0",0,"0",0,"0",0,"1","0","1","0","0","0","0","0","1","0","0","201402","Masters","Graduate School"
"Fall",6,"0",0,"0",0,"0",0,"0",0,"0",0,"0",0,"0",0,"0",0,"0",0,"0",0,"0","0","0","0","0","0","0","0","0","0","0","201501","Masters","Graduate School"
"Fall",5,"0",0,"0",0,"0",0,"0",0,"0",0,"0",0,"0",0,"0",0,"0",0,"0",0,"0","0","1","0","0","0","0","0","0","0","0","201501","Masters","Graduate School"
"Winter",5,"0",0,"0",0,"0",0,"0",0,"0",0,"0",0,"0",0,"0",0,"0",0,"0",0,"1","0","0","0","0","0","0","0","0","0","0","201502","Masters","Graduate School"
"Fall",5,"0",0,"0",0,"0",0,"0",0,"0",0,"0",0,"0",0,"0",0,"0",0,"0",0,"1","0","1","0","0","0","0","0","1","0","0","201601","Masters","Graduate School"
"Spring",6,"1",0.4,"1",0.4,"0",0,"0",0,"1",0.4,"1",0.4,"0",0,"0",0,"0",0,"0",0,"0","0","0","0","0","0","0","0","0","0","0","201503","Masters","Graduate School"
"Fall",9,"0",0,"0",0,"0",0,"0",0,"0",0,"0",0,"0",0,"0",0,"0",0,"0",0,"0","0","1","0","0","0","0","0","0","0","0","201601","Masters","Graduate School"
"Fall",5,"0",0,"0",0,"0",0,"0",0,"0",0,"0",0,"0",0,"0",0,"0",0,"0",0,"1","0","1","0","0","0","0","0","0","0","0","201501","Masters","Graduate School"
"Spring",9,"0",0,"0",0,"0",0,"0",0,"0",0,"0",0,"0",0,"0",0,"0",0,"0",0,"0","0","1","0","0","0","0","0","0","0","0","201503","Masters","Graduate School"
"Spring",9,"0",0,"0",0,"0",0,"0",0,"0",0,"0",0,"0",0,"0",0,"0",0,"0",0,"1","0","1","0","0","0","0","0","1","0","0","201403","Masters","Graduate School"
"Spring",6,"0",0,"0",0,"0",0,"0",0,"0",0,"0",0,"0",0,"0",0,"0",0,"0",0,"1","0","0","0","0","0","0","0","0","0","0","201703","Masters","Graduate School"
"Fall",6,"0",0,"0",0,"0",0,"0",0,"0",0,"0",0,"0",0,"0",0,"0",0,"0",0,"0","0","0","0","0","0","0","0","0","0","0","201501","Masters","Graduate School"
"Fall",5,"0",0,"0",0,"0",0,"0",0,"0",0,"0",0,"0",0,"0",0,"0",0,"0",0,"1","0","0","0","0","0","0","0","1","0","0","201801","Masters","Graduate School"
"Fall",3,"0",0,"0",0,"0",0,"0",0,"0",0,"0",0,"0",0,"0",0,"0",0,"0",0,"1","0","0","0","0","0","0","0","1","0","0","201401","Masters","Graduate School"
"Winter",10,"0",0,"0",0,"0",0,"0",0,"0",0,"0",0,"0",0,"0",0,"0",0,"0",0,"0","0","1","0","0","0","0","0","0","0","0","201502","Masters","Graduate School"
"Winter",5,"0",0,"0",0,"0",0,"0",0,"0",0,"0",0,"0",0,"0",0,"0",0,"0",0,"1","0","0","0","0","0","0","0","1","0","0","201402","Masters","Graduate School"
"Winter",5,"0",0,"0",0,"0",0,"0",0,"0",0,"0",0,"0",0,"0",0,"0",0,"0",0,"1","0","1","0","0","0","0","0","0","0","0","201502","Masters","Graduate School"
"Winter",12,"0",0,"0",0,"0",0,"0",0,"0",0,"0",0,"0",0,"0",0,"0",0,"0",0,"0","0","0","0","0","0","0","0","0","0","0","201402","Masters","Graduate School"
"Spring",5,"0",0,"0",0,"0",0,"0",0,"0",0,"0",0,"0",0,"0",0,"0",0,"0",0,"1","0","0","0","0","0","0","0","1","0","0","201403","Masters","Graduate School"
"Winter",3,"0",0,"0",0,"0",0,"0",0,"0",0,"0",0,"0",0,"0",0,"0",0,"0",0,"0","0","0","0","0","0","0","0","0","0","0","201502","Masters","Graduate School"
"Spring",9,"0",0,"0",0,"0",0,"0",0,"0",0,"0",0,"0",0,"0",0,"0",0,"0",0,"0","0","0","0","0","0","0","0","0","0","0","201503","Masters","Graduate School"
"Winter",5,"0",0,"0",0,"0",0,"0",0,"0",0,"0",0,"0",0,"0",0,"0",0,"0",0,"0","0","1","0","0","0","0","0","0","0","0","201802","Masters","Graduate School"
"Fall",5,"0",0,"0",0,"0",0,"0",0,"0",0,"0",0,"0",0,"0",0,"0",0,"0",0,"1","0","1","0","0","0","0","0","0","0","0","201901","Masters","Graduate School"
"Winter",5,"0",0,"0",0,"0",0,"0",0,"0",0,"0",0,"0",0,"0",0,"0",0,"0",0,"1","0","0","0","0","0","0","0","1","0","0","201402","Masters","Graduate School"
"Spring",9,"0",0,"0",0,"0",0,"0",0,"0",0,"0",0,"0",0,"0",0,"0",0,"0",0,"0","0","1","0","0","0","0","0","0","0","0","201503","Masters","Graduate School"
"Winter",3,"0",0,"0",0,"0",0,"0",0,"0",0,"0",0,"0",0,"0",0,"0",0,"0",0,"1","0","0","0","0","0","0","0","1","0","0","201402","Masters","Graduate School"
"Winter",5,"0",0,"0",0,"0",0,"0",0,"0",0,"0",0,"0",0,"0",0,"0",0,"0",0,"1","0","0","0","0","0","0","0","1","0","0","201402","Masters","Graduate School"
"Fall",5,"0",0,"0",0,"0",0,"0",0,"0",0,"0",0,"0",0,"0",0,"0",0,"0",0,"0","0","1","0","0","0","0","0","0","0","0","201701","Masters","Graduate School"
"Winter",3,"0",0,"0",0,"0",0,"0",0,"0",0,"0",0,"0",0,"0",0,"0",0,"0",0,"0","0","0","0","0","0","0","0","0","0","0","201702","Masters","Graduate School"
"Spring",5,"0",0,"0",0,"0",0,"0",0,"0",0,"0",0,"0",0,"0",0,"0",0,"0",0,"0","0","1","0","0","0","0","0","0","0","0","201503","Masters","Graduate School"
"Winter",16,"0",0,"0",0,"0",0,"0",0,"0",0,"0",0,"0",0,"0",0,"0",0,"0",0,"0","0","1","0","0","0","0","0","0","0","0","201702","Masters","Graduate School"
"Winter",3,"0",0,"0",0,"0",0,"0",0,"0",0,"0",0,"0",0,"0",0,"0",0,"0",0,"1","0","0","0","0","0","0","0","1","0","0","201602","Masters","Graduate School"
"Winter",5,"0",0,"0",0,"0",0,"0",0,"0",0,"0",0,"0",0,"0",0,"0",0,"0",0,"1","0","1","0","0","0","0","0","1","0","0","201402","Masters","Graduate School"
"Fall",5,"0",0,"0",0,"0",0,"0",0,"0",0,"0",0,"0",0,"0",0,"0",0,"0",0,"0","0","1","0","0","0","0","0","0","0","0","201701","Masters","Graduate School"
"Winter",5,"0",0,"0",0,"0",0,"0",0,"0",0,"0",0,"0",0,"0",0,"0",0,"0",0,"0","0","1","0","0","0","0","0","0","0","0","201702","Masters","Graduate School"
"Winter",6,"0",0,"0",0,"0",0,"0",0,"0",0,"0",0,"0",0,"0",0,"0",0,"0",0,"0","0","0","0","0","0","0","0","0","0","0","201802","Masters","Graduate School"
"Winter",5,"0",0,"0",0,"0",0,"0",0,"0",0,"0",0,"0",0,"0",0,"0",0,"0",0,"1","0","0","0","0","0","0","0","1","0","0","201602","Masters","Graduate School"
"Winter",5,"0",0,"0",0,"0",0,"0",0,"0",0,"0",0,"0",0,"0",0,"0",0,"0",0,"1","0","1","0","0","0","0","0","0","0","0","201702","Masters","Graduate School"
"Spring",5,"0",0,"0",0,"0",0,"0",0,"0",0,"0",0,"0",0,"0",0,"0",0,"0",0,"1","0","0","0","0","0","0","0","1","0","0","201403","Masters","Graduate School"
"Winter",5,"0",0,"0",0,"0",0,"0",0,"0",0,"0",0,"0",0,"0",0,"0",0,"0",0,"1","0","1","0","0","0","0","0","1","0","0","201602","Masters","Graduate School"
"Spring",3,"0",0,"0",0,"0",0,"0",0,"0",0,"0",0,"0",0,"0",0,"0",0,"0",0,"0","0","0","0","0","0","0","0","0","0","0","201503","Masters","Graduate School"
"Winter",5,"0",0,"0",0,"0",0,"0",0,"0",0,"0",0,"0",0,"0",0,"0",0,"0",0,"1","0","0","0","0","0","0","0","0","0","0","201802","Masters","Graduate School"
"Spring",10,"0",0,"0",0,"0",0,"0",0,"0",0,"0",0,"0",0,"0",0,"0",0,"0",0,"0","0","0","0","0","0","0","0","0","0","0","201703","Masters","Graduate School"
"Winter",5,"0",0,"0",0,"0",0,"0",0,"0",0,"0",0,"0",0,"0",0,"0",0,"0",0,"1","0","0","0","0","0","0","0","1","0","0","201402","Masters","Graduate School"
"Winter",5,"0",0,"0",0,"0",0,"0",0,"0",0,"0",0,"0",0,"0",0,"0",0,"0",0,"1","0","0","0","0","0","0","0","1","0","0","201402","Masters","Graduate School"
"Fall",6,"0",0,"0",0,"0",0,"0",0,"0",0,"0",0,"0",0,"0",0,"0",0,"0",0,"1","0","0","0","0","0","0","0","0","0","0","201701","Masters","Graduate School"
"Fall",5,"0",0,"0",0,"0",0,"0",0,"0",0,"0",0,"0",0,"0",0,"0",0,"0",0,"1","0","1","0","0","0","0","0","1","0","0","201701","Masters","Graduate School"
"Winter",3,"0",0,"0",0,"0",0,"0",0,"0",0,"0",0,"0",0,"0",0,"0",0,"0",0,"0","0","0","0","0","0","0","0","0","0","0","201502","Masters","Graduate School"
"Winter",5,"0",0,"0",0,"0",0,"0",0,"0",0,"0",0,"0",0,"0",0,"0",0,"0",0,"1","0","0","0","0","0","0","0","1","0","0","201402","Masters","Graduate School"
"Spring",5,"0",0,"0",0,"0",0,"0",0,"0",0,"0",0,"0",0,"0",0,"0",0,"0",0,"1","0","1","0","0","0","0","0","0","0","0","201803","Masters","Graduate School"
"Spring",17,"0",0,"0",0,"0",0,"0",0,"0",0,"0",0,"0",0,"0",0,"0",0,"0",0,"0","0","1","0","0","0","0","0","0","0","0","201403","Masters","Graduate School"
"Winter",6,"0",0,"0",0,"0",0,"0",0,"0",0,"0",0,"0",0,"0",0,"0",0,"0",0,"0","0","1","0","0","0","0","0","0","0","0","201802","Masters","Graduate School"
"Winter",5,"0",0,"0",0,"0",0,"0",0,"0",0,"0",0,"0",0,"0",0,"0",0,"0",0,"0","0","0","0","0","0","0","0","0","0","0","201702","Masters","Graduate School"
"Fall",5,"0",0,"0",0,"0",0,"0",0,"0",0,"0",0,"0",0,"0",0,"0",0,"0",0,"0","0","1","0","0","0","0","0","0","0","0","201701","Masters","Graduate School"
"Winter",5,"0",0,"0",0,"0",0,"0",0,"0",0,"0",0,"0",0,"0",0,"0",0,"0",0,"0","0","1","0","0","0","0","0","0","0","0","201502","Masters","Graduate School"
"Fall",5,"0",0,"0",0,"0",0,"0",0,"0",0,"0",0,"0",0,"0",0,"0",0,"0",0,"0","0","1","0","0","0","0","0","0","0","0","201701","Masters","Graduate School"
"Fall",9,"0",0,"0",0,"0",0,"0",0,"0",0,"0",0,"0",0,"0",0,"0",0,"0",0,"0","0","1","0","0","0","0","0","0","0","0","201801","Masters","Graduate School"
"Winter",5,"0",0,"0",0,"0",0,"0",0,"0",0,"0",0,"0",0,"0",0,"0",0,"0",0,"1","0","0","0","0","0","0","0","1","0","0","201602","Masters","Graduate School"
"Fall",5,"0",0,"0",0,"0",0,"0",0,"0",0,"0",0,"0",0,"0",0,"0",0,"0",0,"1","0","1","0","0","0","0","0","1","0","0","201601","Masters","Graduate School"
"Winter",3,"0",0,"0",0,"0",0,"0",0,"0",0,"0",0,"0",0,"0",0,"0",0,"0",0,"0","0","0","0","0","0","0","0","0","0","0","201702","Masters","Graduate School"
"Winter",6,"0",0,"0",0,"0",0,"0",0,"0",0,"0",0,"0",0,"0",0,"0",0,"0",0,"1","0","0","0","0","0","0","0","1","0","0","201402","Masters","Graduate School"
"Winter",5,"0",0,"0",0,"0",0,"0",0,"0",0,"0",0,"0",0,"0",0,"0",0,"0",0,"0","0","0","0","0","0","0","0","0","0","0","201502","Masters","Graduate School"
"Fall",6,"0",0,"0",0,"0",0,"0",0,"0",0,"0",0,"0",0,"0",0,"0",0,"0",0,"0","0","0","0","0","0","0","0","0","0","0","201501","Masters","Graduate School"
"Winter",3,"0",0,"0",0,"0",0,"0",0,"0",0,"0",0,"0",0,"0",0,"0",0,"0",0,"1","0","0","0","0","0","0","0","1","0","0","201602","Masters","Graduate School"
"Winter",3,"0",0,"0",0,"0",0,"0",0,"0",0,"0",0,"0",0,"0",0,"0",0,"0",0,"0","0","0","0","0","0","0","0","0","0","0","201502","Masters","Graduate School"
"Spring",3,"0",0,"0",0,"0",0,"0",0,"0",0,"0",0,"0",0,"0",0,"0",0,"0",0,"0","0","0","0","0","0","0","0","0","0","0","201503","Masters","Graduate School"
"Winter",5,"0",0,"0",0,"0",0,"0",0,"0",0,"0",0,"0",0,"0",0,"0",0,"0",0,"0","0","1","0","0","0","0","0","0","0","0","201502","Masters","Graduate School"
"Winter",4,"0",0,"0",0,"0",0,"0",0,"0",0,"0",0,"0",0,"0",0,"0",0,"0",0,"1","0","0","0","0","0","0","0","1","0","0","201402","Masters","Graduate School"
"Fall",3,"0",0,"0",0,"0",0,"0",0,"0",0,"0",0,"0",0,"0",0,"0",0,"0",0,"1","0","0","0","0","0","0","0","1","0","0","201801","Masters","Graduate School"
"Spring",9,"0",0,"0",0,"0",0,"0",0,"0",0,"0",0,"0",0,"0",0,"0",0,"0",0,"0","0","1","0","0","0","0","0","0","0","0","201703","Masters","Graduate School"
"Spring",5,"0",0,"0",0,"0",0,"0",0,"0",0,"0",0,"0",0,"0",0,"0",0,"0",0,"1","0","0","0","0","0","0","0","0","0","0","201703","Masters","Graduate School"
"Fall",5,"0",0,"0",0,"0",0,"0",0,"0",0,"0",0,"0",0,"0",0,"0",0,"0",0,"0","0","0","0","0","0","0","0","0","0","0","201701","Masters","Graduate School"
"Fall",5,"0",0,"0",0,"0",0,"0",0,"0",0,"0",0,"0",0,"0",0,"0",0,"0",0,"0","0","1","0","0","0","0","0","0","0","0","201701","Masters","Graduate School"
"Spring",3,"0",0,"0",0,"0",0,"0",0,"0",0,"0",0,"0",0,"0",0,"0",0,"0",0,"0","0","0","0","0","0","0","0","0","0","0","201803","Masters","Graduate School"
"Winter",5,"0",0,"0",0,"0",0,"0",0,"0",0,"0",0,"0",0,"0",0,"0",0,"0",0,"1","0","1","0","0","0","0","0","1","0","0","201602","Masters","Graduate School"
"Spring",8,"0",0,"0",0,"0",0,"0",0,"0",0,"0",0,"0",0,"0",0,"0",0,"0",0,"1","0","0","0","0","0","0","0","0","0","0","201703","Masters","Graduate School"
"Fall",6,"0",0,"0",0,"0",0,"0",0,"0",0,"0",0,"0",0,"0",0,"0",0,"0",0,"1","0","0","0","0","0","0","0","1","0","0","201401","Masters","Graduate School"
"Winter",4,"0",0,"0",0,"0",0,"0",0,"0",0,"0",0,"0",0,"0",0,"0",0,"0",0,"1","0","0","0","0","0","0","0","1","0","0","201402","Masters","Graduate School"
"Winter",5,"1",0.4,"1",0.4,"0",0,"0",0,"1",0.4,"1",0.4,"0",0,"0",0,"0",0,"0",0,"1","0","1","0","0","0","0","0","1","0","0","201402","Masters","Graduate School"
"Fall",5,"0",0,"0",0,"0",0,"0",0,"0",0,"0",0,"0",0,"0",0,"0",0,"0",0,"1","0","0","0","0","0","0","0","1","0","0","201601","Masters","Graduate School"
"Spring",9,"0",0,"0",0,"0",0,"0",0,"0",0,"0",0,"0",0,"0",0,"0",0,"0",0,"0","0","1","0","0","0","0","0","0","0","0","201703","Masters","Graduate School"
"Fall",6,"0",0,"0",0,"0",0,"0",0,"0",0,"0",0,"0",0,"0",0,"0",0,"0",0,"0","0","1","0","0","0","0","0","0","0","0","201501","Masters","Graduate School"
"Winter",5,"0",0,"0",0,"0",0,"0",0,"0",0,"0",0,"0",0,"0",0,"0",0,"0",0,"1","0","1","0","0","0","0","0","1","0","0","201602","Masters","Graduate School"
"Winter",5,"0",0,"0",0,"0",0,"0",0,"0",0,"0",0,"0",0,"0",0,"0",0,"0",0,"1","0","0","0","0","0","0","0","1","0","0","201602","Masters","Graduate School"
"Winter",5,"0",0,"0",0,"0",0,"0",0,"0",0,"0",0,"0",0,"0",0,"0",0,"0",0,"0","0","1","0","0","0","0","0","0","0","0","201802","Masters","Graduate School"
"Winter",5,"0",0,"0",0,"0",0,"0",0,"0",0,"0",0,"0",0,"0",0,"0",0,"0",0,"1","0","1","0","0","0","0","0","1","0","0","201602","Masters","Graduate School"
"Fall",5,"0",0,"0",0,"0",0,"0",0,"0",0,"0",0,"0",0,"0",0,"0",0,"0",0,"1","0","0","0","0","0","0","0","1","0","0","201701","Masters","Graduate School"
"Fall",3,"0",0,"0",0,"0",0,"0",0,"0",0,"0",0,"0",0,"0",0,"0",0,"0",0,"1","0","0","0","0","0","0","0","1","0","0","201601","Masters","Graduate School"
"Winter",5,"0",0,"0",0,"0",0,"0",0,"0",0,"0",0,"0",0,"0",0,"0",0,"0",0,"1","0","0","0","0","0","0","0","1","0","0","201402","Masters","Graduate School"
"Winter",2,"0",0,"0",0,"0",0,"0",0,"0",0,"0",0,"0",0,"0",0,"0",0,"0",0,"0","0","0","0","0","0","0","0","0","0","0","201802","Masters","Graduate School"
"Winter",5,"0",0,"0",0,"0",0,"0",0,"0",0,"0",0,"0",0,"0",0,"0",0,"0",0,"1","0","0","0","0","0","0","0","1","0","0","201402","Masters","Graduate School"
"Spring",3,"0",0,"0",0,"0",0,"0",0,"0",0,"0",0,"0",0,"0",0,"0",0,"0",0,"1","0","0","0","0","0","0","0","1","0","0","201603","Masters","Graduate School"
"Winter",3,"1",0.4,"1",0.4,"0",0,"0",0,"1",0.4,"1",0.4,"0",0,"0",0,"0",0,"0",0,"0","0","0","0","0","0","0","0","0","0","0","201502","Masters","Graduate School"
"Spring",6,"0",0,"0",0,"0",0,"0",0,"0",0,"0",0,"0",0,"0",0,"0",0,"0",0,"1","0","1","0","0","0","0","0","1","0","0","201603","Masters","Graduate School"
"Spring",5,"0",0,"0",0,"0",0,"0",0,"0",0,"0",0,"0",0,"0",0,"0",0,"0",0,"1","0","0","0","0","0","0","0","1","0","0","201603","Masters","Graduate School"
"Fall",3,"0",0,"0",0,"0",0,"0",0,"0",0,"0",0,"0",0,"0",0,"0",0,"0",0,"1","0","0","0","0","0","0","0","1","0","0","201601","Masters","Graduate School"
"Winter",3,"0",0,"0",0,"0",0,"0",0,"0",0,"0",0,"0",0,"0",0,"0",0,"0",0,"0","0","0","0","0","0","0","0","0","0","0","201902","Masters","Graduate School"
"Winter",5,"0",0,"0",0,"0",0,"0",0,"0",0,"0",0,"0",0,"0",0,"0",0,"0",0,"0","0","0","0","0","0","0","0","0","0","0","201802","Masters","Graduate School"
"Winter",3,"0",0,"0",0,"0",0,"0",0,"0",0,"0",0,"0",0,"0",0,"0",0,"0",0,"0","0","0","0","0","0","0","0","0","0","0","201502","Masters","Graduate School"
"Winter",5,"0",0,"0",0,"0",0,"0",0,"0",0,"0",0,"0",0,"0",0,"0",0,"0",0,"1","0","0","0","0","0","0","0","1","0","0","201402","Masters","Graduate School"
"Spring",6,"0",0,"0",0,"0",0,"0",0,"0",0,"0",0,"0",0,"0",0,"0",0,"0",0,"1","0","1","0","0","0","0","0","1","0","0","201403","Masters","Graduate School"
"Spring",3,"0",0,"0",0,"0",0,"0",0,"0",0,"0",0,"0",0,"0",0,"0",0,"0",0,"0","0","0","0","0","0","0","0","0","0","0","201503","Masters","Graduate School"
"Winter",3,"0",0,"0",0,"0",0,"0",0,"0",0,"0",0,"0",0,"0",0,"0",0,"0",0,"0","0","0","0","0","0","0","0","0","0","0","201502","Masters","Graduate School"
"Winter",5,"0",0,"0",0,"0",0,"0",0,"0",0,"0",0,"0",0,"0",0,"0",0,"0",0,"1","0","1","0","0","0","0","0","1","0","0","201402","Masters","Graduate School"
"Spring",5,"0",0,"0",0,"0",0,"0",0,"0",0,"0",0,"0",0,"0",0,"0",0,"0",0,"1","0","1","0","0","0","0","0","1","0","0","201603","Masters","Graduate School"
"Spring",3,"0",0,"0",0,"0",0,"0",0,"0",0,"0",0,"0",0,"0",0,"0",0,"0",0,"1","0","0","0","0","0","0","0","1","0","0","201403","Masters","Graduate School"
"Winter",3,"0",0,"0",0,"0",0,"0",0,"0",0,"0",0,"0",0,"0",0,"0",0,"0",0,"0","0","0","0","0","0","0","0","0","0","0","201502","Masters","Graduate School"
"Fall",6,"0",0,"0",0,"0",0,"0",0,"0",0,"0",0,"0",0,"0",0,"0",0,"0",0,"1","0","1","0","0","0","0","0","1","0","0","201401","Masters","Graduate School"
"Fall",5,"0",0,"0",0,"0",0,"0",0,"0",0,"0",0,"0",0,"0",0,"0",0,"0",0,"1","0","1","0","0","0","0","0","1","0","0","201401","Masters","Graduate School"
"Spring",6,"0",0,"0",0,"0",0,"0",0,"0",0,"0",0,"0",0,"0",0,"0",0,"0",0,"1","0","0","0","0","0","0","0","0","0","0","201703","Masters","Graduate School"
"Spring",5,"0",0,"0",0,"0",0,"0",0,"0",0,"0",0,"0",0,"0",0,"0",0,"0",0,"1","0","1","0","0","0","0","0","1","0","0","201403","Masters","Graduate School"
"Fall",3,"0",0,"0",0,"0",0,"0",0,"0",0,"0",0,"0",0,"0",0,"0",0,"0",0,"0","0","0","0","0","0","0","0","0","0","0","201701","Masters","Graduate School"
"Fall",6,"0",0,"0",0,"0",0,"0",0,"0",0,"0",0,"0",0,"0",0,"0",0,"0",0,"0","0","1","0","0","0","0","0","0","0","0","201501","Masters","Graduate School"
"Winter",5,"0",0,"0",0,"0",0,"0",0,"0",0,"0",0,"0",0,"0",0,"0",0,"0",0,"0","0","0","0","0","0","0","0","0","0","0","201802","Masters","Graduate School"
"Winter",3,"0",0,"0",0,"0",0,"0",0,"0",0,"0",0,"0",0,"0",0,"0",0,"0",0,"1","0","0","0","0","0","0","0","1","0","0","201602","Masters","Graduate School"
"Winter",12,"0",0,"0",0,"0",0,"0",0,"0",0,"0",0,"0",0,"0",0,"0",0,"0",0,"0","0","1","0","0","0","0","0","0","0","0","201902","Masters","Graduate School"
"Fall",5,"0",0,"0",0,"0",0,"0",0,"0",0,"0",0,"0",0,"0",0,"0",0,"0",0,"1","0","0","0","0","0","0","0","1","0","0","201801","Masters","Graduate School"
"Fall",3,"0",0,"0",0,"0",0,"0",0,"0",0,"0",0,"0",0,"0",0,"0",0,"0",0,"0","0","0","0","0","0","0","0","0","0","0","201901","Masters","Graduate School"
"Fall",14,"0",0,"0",0,"0",0,"0",0,"0",0,"0",0,"0",0,"0",0,"0",0,"0",0,"0","0","1","0","0","0","0","0","0","0","0","201601","Masters","Graduate School"
"Spring",3,"0",0,"0",0,"0",0,"0",0,"0",0,"0",0,"0",0,"0",0,"0",0,"0",0,"1","0","0","0","0","0","0","0","1","0","0","201603","Masters","Graduate School"
"Winter",5,"0",0,"0",0,"0",0,"0",0,"0",0,"0",0,"0",0,"0",0,"0",0,"0",0,"1","0","0","0","0","0","0","0","0","0","0","201802","Masters","Graduate School"
"Winter",5,"0",0,"0",0,"0",0,"0",0,"0",0,"0",0,"0",0,"0",0,"0",0,"0",0,"1","0","0","0","0","0","0","0","0","0","0","201802","Masters","Graduate School"
"Fall",5,"0",0,"0",0,"0",0,"0",0,"0",0,"0",0,"0",0,"0",0,"0",0,"0",0,"1","0","0","0","0","0","0","0","1","0","0","201801","Masters","Graduate School"
"Winter",5,"0",0,"0",0,"0",0,"0",0,"0",0,"0",0,"0",0,"0",0,"0",0,"0",0,"1","0","0","0","0","0","0","0","1","0","0","201602","Masters","Graduate School"
"Spring",3,"0",0,"0",0,"0",0,"0",0,"0",0,"0",0,"0",0,"0",0,"0",0,"0",0,"1","0","0","0","0","0","0","0","1","0","0","201403","Masters","Graduate School"
"Winter",3,"0",0,"0",0,"0",0,"0",0,"0",0,"0",0,"0",0,"0",0,"0",0,"0",0,"1","0","0","0","0","0","0","0","1","0","0","201402","Masters","Graduate School"
"Winter",5,"0",0,"0",0,"0",0,"0",0,"0",0,"0",0,"0",0,"0",0,"0",0,"0",0,"1","0","0","0","0","0","0","0","1","0","0","201602","Masters","Graduate School"
"Spring",3,"0",0,"0",0,"0",0,"0",0,"0",0,"0",0,"0",0,"0",0,"0",0,"0",0,"0","0","0","0","0","0","0","0","0","0","0","201503","Masters","Graduate School"
"Fall",10,"0",0,"0",0,"0",0,"0",0,"0",0,"0",0,"0",0,"0",0,"0",0,"0",0,"0","0","1","0","0","0","0","0","0","0","0","201801","Masters","Graduate School"
"Winter",3,"0",0,"0",0,"0",0,"0",0,"0",0,"0",0,"0",0,"0",0,"0",0,"0",0,"0","0","0","0","0","0","0","0","0","0","0","201702","Masters","Graduate School"
"Spring",5,"0",0,"0",0,"0",0,"0",0,"0",0,"0",0,"0",0,"0",0,"0",0,"0",0,"0","0","0","0","0","0","0","0","0","0","0","201503","Masters","Graduate School"
"Spring",16,"0",0,"0",0,"0",0,"0",0,"0",0,"0",0,"0",0,"0",0,"0",0,"0",0,"0","0","1","0","0","0","0","0","0","0","0","201403","Masters","Graduate School"
"Fall",5,"0",0,"0",0,"0",0,"0",0,"0",0,"0",0,"0",0,"0",0,"0",0,"0",0,"0","0","1","0","0","0","0","0","0","0","0","201901","Masters","Graduate School"
"Fall",6,"0",0,"0",0,"0",0,"0",0,"0",0,"0",0,"0",0,"0",0,"0",0,"0",0,"1","0","0","0","0","0","0","0","1","0","0","201401","Masters","Graduate School"
"Fall",6,"0",0,"0",0,"0",0,"0",0,"0",0,"0",0,"0",0,"0",0,"0",0,"0",0,"0","0","1","0","0","0","0","0","0","0","0","201501","Masters","Graduate School"
"Fall",6,"0",0,"0",0,"0",0,"0",0,"0",0,"0",0,"0",0,"0",0,"0",0,"0",0,"0","0","1","0","0","0","0","0","0","0","0","201501","Masters","Graduate School"
"Spring",3,"0",0,"0",0,"0",0,"0",0,"0",0,"0",0,"0",0,"0",0,"0",0,"0",0,"0","0","0","0","0","0","0","0","0","0","0","201503","Masters","Graduate School"
"Winter",5,"0",0,"0",0,"0",0,"0",0,"0",0,"0",0,"0",0,"0",0,"0",0,"0",0,"1","0","0","0","0","0","0","0","0","0","0","201802","Masters","Graduate School"
"Spring",16,"0",0,"0",0,"0",0,"0",0,"0",0,"0",0,"0",0,"0",0,"0",0,"0",0,"0","0","1","0","0","0","0","0","0","0","0","201403","Masters","Graduate School"
"Winter",16,"0",0,"0",0,"0",0,"0",0,"0",0,"0",0,"0",0,"0",0,"0",0,"0",0,"1","0","1","0","0","0","0","0","1","0","0","201602","Masters","Graduate School"
"Spring",3,"0",0,"0",0,"0",0,"0",0,"0",0,"0",0,"0",0,"0",0,"0",0,"0",0,"1","0","0","0","0","0","0","0","1","0","0","201603","Masters","Graduate School"
"Spring",6,"0",0,"0",0,"0",0,"0",0,"0",0,"0",0,"0",0,"0",0,"0",0,"0",0,"0","0","1","0","0","0","0","0","0","0","0","201503","Masters","Graduate School"
"Fall",5,"0",0,"0",0,"0",0,"0",0,"0",0,"0",0,"0",0,"0",0,"0",0,"0",0,"0","0","0","0","0","0","0","0","0","0","0","201701","Masters","Graduate School"
"Fall",5,"0",0,"0",0,"0",0,"0",0,"0",0,"0",0,"0",0,"0",0,"0",0,"0",0,"1","0","1","0","0","0","0","0","0","0","0","201701","Masters","Graduate School"
"Fall",6,"0",0,"0",0,"0",0,"0",0,"0",0,"0",0,"0",0,"0",0,"0",0,"0",0,"0","0","1","0","0","0","0","0","0","0","0","201701","Masters","Graduate School"
"Winter",5,"0",0,"0",0,"0",0,"0",0,"0",0,"0",0,"0",0,"0",0,"0",0,"0",0,"1","0","0","0","0","0","0","0","1","0","0","201602","Masters","Graduate School"
"Fall",5,"0",0,"0",0,"0",0,"0",0,"0",0,"0",0,"0",0,"0",0,"0",0,"0",0,"0","0","1","0","0","0","0","0","0","0","0","201701","Masters","Graduate School"
"Winter",5,"0",0,"0",0,"0",0,"0",0,"0",0,"0",0,"0",0,"0",0,"0",0,"0",0,"0","0","1","0","0","0","0","0","0","0","0","201502","Masters","Graduate School"
"Winter",3,"0",0,"0",0,"0",0,"0",0,"0",0,"0",0,"0",0,"0",0,"0",0,"0",0,"1","0","0","0","0","0","0","0","0","0","0","201802","Masters","Graduate School"
"Spring",5,"0",0,"0",0,"0",0,"0",0,"0",0,"0",0,"0",0,"0",0,"0",0,"0",0,"1","0","0","0","0","0","0","0","1","0","0","201403","Masters","Graduate School"
"Spring",6,"0",0,"0",0,"0",0,"0",0,"0",0,"0",0,"0",0,"0",0,"0",0,"0",0,"1","0","0","0","0","0","0","0","1","0","0","201403","Masters","Graduate School"
"Fall",6,"0",0,"0",0,"0",0,"0",0,"0",0,"0",0,"0",0,"0",0,"0",0,"0",0,"1","0","1","0","0","0","0","0","1","0","0","201401","Masters","Graduate School"
"Spring",9,"0",0,"0",0,"0",0,"0",0,"0",0,"0",0,"0",0,"0",0,"0",0,"0",0,"0","0","1","0","0","0","0","0","0","0","0","201503","Masters","Graduate School"
"Fall",5,"0",0,"0",0,"0",0,"0",0,"0",0,"0",0,"0",0,"0",0,"0",0,"0",0,"1","0","0","0","0","0","0","0","1","0","0","201401","Masters","Graduate School"
"Fall",5,"0",0,"0",0,"0",0,"0",0,"0",0,"0",0,"0",0,"0",0,"0",0,"0",0,"0","0","1","0","0","0","0","0","0","0","0","201701","Masters","Graduate School"
"Spring",8,"0",0,"0",0,"0",0,"0",0,"0",0,"0",0,"0",0,"0",0,"0",0,"0",0,"1","0","0","0","0","0","0","0","1","0","0","201603","Masters","Graduate School"
"Fall",6,"0",0,"0",0,"0",0,"0",0,"0",0,"0",0,"0",0,"0",0,"0",0,"0",0,"0","0","0","0","0","0","0","0","0","0","0","201501","Masters","Graduate School"
"Spring",5,"0",0,"0",0,"0",0,"0",0,"0",0,"0",0,"0",0,"0",0,"0",0,"0",0,"0","0","0","0","0","0","0","0","0","0","0","201503","Masters","Graduate School"
"Winter",6,"0",0,"0",0,"0",0,"0",0,"0",0,"0",0,"0",0,"0",0,"0",0,"0",0,"1","0","1","0","0","0","0","0","1","0","0","201402","Masters","Graduate School"
"Winter",5,"0",0,"0",0,"0",0,"0",0,"0",0,"0",0,"0",0,"0",0,"0",0,"0",0,"1","0","1","0","0","0","0","0","1","0","0","201602","Masters","Graduate School"
"Spring",6,"0",0,"0",0,"0",0,"0",0,"0",0,"0",0,"0",0,"0",0,"0",0,"0",0,"1","0","0","0","0","0","0","0","1","0","0","201403","Masters","Graduate School"
"Winter",3,"0",0,"0",0,"0",0,"0",0,"0",0,"0",0,"0",0,"0",0,"0",0,"0",0,"1","0","0","0","0","0","0","0","1","0","0","201402","Masters","Graduate School"
"Fall",5,"0",0,"0",0,"0",0,"0",0,"0",0,"0",0,"0",0,"0",0,"0",0,"0",0,"1","0","0","0","0","0","0","0","1","0","0","201801","Masters","Graduate School"
"Winter",9,"0",0,"0",0,"0",0,"0",0,"0",0,"0",0,"0",0,"0",0,"0",0,"0",0,"0","0","1","0","0","0","0","0","0","0","0","201702","Masters","Graduate School"
"Spring",16,"0",0,"0",0,"0",0,"0",0,"0",0,"0",0,"0",0,"0",0,"0",0,"0",0,"0","0","1","0","0","0","0","0","0","0","0","201903","Masters","Graduate School"
"Spring",5,"0",0,"0",0,"0",0,"0",0,"0",0,"0",0,"0",0,"0",0,"0",0,"0",0,"0","0","1","0","0","0","0","0","0","0","0","201503","Masters","Graduate School"
"Winter",5,"0",0,"0",0,"0",0,"0",0,"0",0,"0",0,"0",0,"0",0,"0",0,"0",0,"1","0","1","0","0","0","0","0","0","0","0","201502","Masters","Graduate School"
"Winter",5,"0",0,"0",0,"0",0,"0",0,"0",0,"0",0,"0",0,"0",0,"0",0,"0",0,"0","0","1","0","0","0","0","0","0","0","0","201702","Masters","Graduate School"
"Winter",5,"0",0,"0",0,"0",0,"0",0,"0",0,"0",0,"0",0,"0",0,"0",0,"0",0,"1","0","0","0","0","0","0","0","1","0","0","201702","Masters","Graduate School"
"Fall",6,"0",0,"0",0,"0",0,"0",0,"0",0,"0",0,"0",0,"0",0,"0",0,"0",0,"1","0","0","0","0","0","0","0","1","0","0","201401","Masters","Graduate School"
"Fall",5,"0",0,"0",0,"0",0,"0",0,"0",0,"0",0,"0",0,"0",0,"0",0,"0",0,"1","0","1","0","0","0","0","0","1","0","0","201401","Masters","Graduate School"
"Winter",3,"0",0,"0",0,"0",0,"0",0,"0",0,"0",0,"0",0,"0",0,"0",0,"0",0,"0","0","0","0","0","0","0","0","0","0","0","201802","Masters","Graduate School"
"Winter",5,"0",0,"0",0,"0",0,"0",0,"0",0,"0",0,"0",0,"0",0,"0",0,"0",0,"1","0","1","0","0","0","0","0","1","0","0","201402","Masters","Graduate School"
"Fall",6,"0",0,"0",0,"0",0,"0",0,"0",0,"0",0,"0",0,"0",0,"0",0,"0",0,"0","0","0","0","0","0","0","0","0","0","0","201501","Masters","Graduate School"
"Spring",3,"0",0,"0",0,"0",0,"0",0,"0",0,"0",0,"0",0,"0",0,"0",0,"0",0,"1","0","0","0","0","0","0","0","1","0","0","201603","Masters","Graduate School"
"Winter",3,"0",0,"0",0,"0",0,"0",0,"0",0,"0",0,"0",0,"0",0,"0",0,"0",0,"0","0","0","0","0","0","0","0","0","0","0","201802","Masters","Graduate School"
"Fall",6,"0",0,"0",0,"0",0,"0",0,"0",0,"0",0,"0",0,"0",0,"0",0,"0",0,"1","0","1","0","0","0","0","0","1","0","0","201801","Masters","Graduate School"
"Winter",5,"0",0,"0",0,"0",0,"0",0,"0",0,"0",0,"0",0,"0",0,"0",0,"0",0,"0","0","1","0","0","0","0","0","0","0","0","201402","Masters","Graduate School"
"Spring",6,"0",0,"0",0,"0",0,"0",0,"0",0,"0",0,"0",0,"0",0,"0",0,"0",0,"0","0","1","0","0","0","0","0","0","0","0","201503","Masters","Graduate School"
"Fall",3,"0",0,"0",0,"0",0,"0",0,"0",0,"0",0,"0",0,"0",0,"0",0,"0",0,"1","0","0","0","0","0","0","0","1","0","0","201801","Masters","Graduate School"
"Fall",5,"0",0,"0",0,"0",0,"0",0,"0",0,"0",0,"0",0,"0",0,"0",0,"0",0,"0","0","1","0","0","0","0","0","0","0","0","201701","Masters","Graduate School"
"Fall",3,"0",0,"0",0,"0",0,"0",0,"0",0,"0",0,"0",0,"0",0,"0",0,"0",0,"0","0","0","0","0","0","0","0","0","0","0","201901","Masters","Graduate School"
"Winter",5,"0",0,"0",0,"0",0,"0",0,"0",0,"0",0,"0",0,"0",0,"0",0,"0",0,"1","0","0","0","0","0","0","0","1","0","0","201402","Masters","Graduate School"
"Spring",5,"0",0,"0",0,"0",0,"0",0,"0",0,"0",0,"0",0,"0",0,"0",0,"0",0,"1","0","0","0","0","0","0","0","1","0","0","201403","Masters","Graduate School"
"Winter",5,"0",0,"0",0,"0",0,"0",0,"0",0,"0",0,"0",0,"0",0,"0",0,"0",0,"1","0","1","0","0","0","0","0","0","0","0","201702","Masters","Graduate School"
"Fall",5,"0",0,"0",0,"0",0,"0",0,"0",0,"0",0,"0",0,"0",0,"0",0,"0",0,"0","0","1","0","0","0","0","0","0","0","0","201701","Masters","Graduate School"
"Fall",3,"0",0,"0",0,"0",0,"0",0,"0",0,"0",0,"0",0,"0",0,"0",0,"0",0,"1","0","0","0","0","0","0","0","1","0","0","201601","Masters","Graduate School"
"Spring",6,"0",0,"0",0,"0",0,"0",0,"0",0,"0",0,"0",0,"0",0,"0",0,"0",0,"1","0","1","0","0","0","0","0","1","0","0","201603","Masters","Graduate School"
"Winter",16,"0",0,"0",0,"0",0,"0",0,"0",0,"0",0,"0",0,"0",0,"0",0,"0",0,"0","0","1","0","0","0","0","0","0","0","0","201602","Masters","Graduate School"
"Winter",5,"0",0,"0",0,"0",0,"0",0,"0",0,"0",0,"0",0,"0",0,"0",0,"0",0,"1","0","1","0","0","0","0","0","1","0","0","201402","Masters","Graduate School"
"Spring",3,"0",0,"0",0,"0",0,"0",0,"0",0,"0",0,"0",0,"0",0,"0",0,"0",0,"0","0","0","0","0","0","0","0","0","0","0","201503","Masters","Graduate School"
"Spring",2,"0",0,"0",0,"0",0,"0",0,"0",0,"0",0,"0",0,"0",0,"0",0,"0",0,"0","0","0","0","0","0","0","0","0","0","0","201503","Masters","Graduate School"
"Spring",3,"0",0,"0",0,"0",0,"0",0,"0",0,"0",0,"0",0,"0",0,"0",0,"0",0,"0","0","0","0","0","0","0","0","0","0","0","201703","Masters","Graduate School"
"Fall",6,"0",0,"0",0,"0",0,"0",0,"0",0,"0",0,"0",0,"0",0,"0",0,"0",0,"1","0","0","0","0","0","0","0","1","0","0","201401","Masters","Graduate School"
"Fall",6,"0",0,"0",0,"0",0,"0",0,"0",0,"0",0,"0",0,"0",0,"0",0,"0",0,"0","0","1","0","0","0","0","0","0","0","0","201501","Masters","Graduate School"
"Spring",5,"0",0,"0",0,"0",0,"0",0,"0",0,"0",0,"0",0,"0",0,"0",0,"0",0,"1","0","1","0","0","0","0","0","1","0","0","201603","Masters","Graduate School"
"Winter",5,"0",0,"0",0,"0",0,"0",0,"0",0,"0",0,"0",0,"0",0,"0",0,"0",0,"0","0","0","0","0","0","0","0","0","0","0","201502","Masters","Graduate School"
"Winter",5,"0",0,"0",0,"0",0,"0",0,"0",0,"0",0,"0",0,"0",0,"0",0,"0",0,"0","0","0","0","0","0","0","0","0","0","0","201502","Masters","Graduate School"
"Spring",3,"0",0,"0",0,"0",0,"0",0,"0",0,"0",0,"0",0,"0",0,"0",0,"0",0,"0","0","0","0","0","0","0","0","0","0","0","201803","Masters","Graduate School"
"Spring",6,"0",0,"0",0,"0",0,"0",0,"0",0,"0",0,"0",0,"0",0,"0",0,"0",0,"1","0","0","0","0","0","0","0","1","0","0","201403","Masters","Graduate School"
"Winter",5,"0",0,"0",0,"0",0,"0",0,"0",0,"0",0,"0",0,"0",0,"0",0,"0",0,"1","0","1","0","0","0","0","0","1","0","0","201602","Masters","Graduate School"
"Winter",3,"0",0,"0",0,"0",0,"0",0,"0",0,"0",0,"0",0,"0",0,"0",0,"0",0,"1","0","0","0","0","0","0","0","1","0","0","201402","Masters","Graduate School"
"Winter",5,"0",0,"0",0,"0",0,"0",0,"0",0,"0",0,"0",0,"0",0,"0",0,"0",0,"1","0","1","0","0","0","0","0","1","0","0","201602","Masters","Graduate School"
"Spring",6,"0",0,"0",0,"0",0,"0",0,"0",0,"0",0,"0",0,"0",0,"0",0,"0",0,"1","0","1","0","0","0","0","0","1","0","0","201603","Masters","Graduate School"
"Winter",5,"0",0,"0",0,"0",0,"0",0,"0",0,"0",0,"0",0,"0",0,"0",0,"0",0,"1","0","1","0","0","0","0","0","1","0","0","201402","Masters","Graduate School"
"Fall",3,"0",0,"0",0,"0",0,"0",0,"0",0,"0",0,"0",0,"0",0,"0",0,"0",0,"1","0","0","0","0","0","0","0","1","0","0","201601","Masters","Graduate School"
"Winter",5,"0",0,"0",0,"0",0,"0",0,"0",0,"0",0,"0",0,"0",0,"0",0,"0",0,"1","0","0","0","0","0","0","0","0","0","0","201702","Masters","Graduate School"
"Winter",3,"0",0,"0",0,"0",0,"0",0,"0",0,"0",0,"0",0,"0",0,"0",0,"0",0,"0","0","0","0","0","0","0","0","0","0","0","201502","Masters","Graduate School"
"Fall",6,"0",0,"0",0,"0",0,"0",0,"0",0,"0",0,"0",0,"0",0,"0",0,"0",0,"0","0","0","0","0","0","0","0","0","0","0","201501","Masters","Graduate School"
"Fall",9,"0",0,"0",0,"0",0,"0",0,"0",0,"0",0,"0",0,"0",0,"0",0,"0",0,"0","0","1","0","0","0","0","0","0","0","0","201401","Masters","Graduate School"
"Fall",6,"0",0,"0",0,"0",0,"0",0,"0",0,"0",0,"0",0,"0",0,"0",0,"0",0,"1","0","1","0","0","0","0","0","0","0","0","201501","Masters","Graduate School"
"Spring",5,"0",0,"0",0,"0",0,"0",0,"0",0,"0",0,"0",0,"0",0,"0",0,"0",0,"0","0","0","0","0","0","0","0","0","0","0","201503","Masters","Graduate School"
"Fall",6,"0",0,"0",0,"0",0,"0",0,"0",0,"0",0,"0",0,"0",0,"0",0,"0",0,"0","0","1","0","0","0","0","0","0","0","0","201501","Masters","Graduate School"
"Winter",5,"0",0,"0",0,"0",0,"0",0,"0",0,"0",0,"0",0,"0",0,"0",0,"0",0,"1","0","0","0","0","0","0","0","1","0","0","201402","Masters","Graduate School"
"Fall",10,"0",0,"0",0,"0",0,"0",0,"0",0,"0",0,"0",0,"0",0,"0",0,"0",0,"0","0","1","0","0","0","0","0","0","0","0","201901","Masters","Graduate School"
"Fall",6,"0",0,"0",0,"0",0,"0",0,"0",0,"0",0,"0",0,"0",0,"0",0,"0",0,"0","0","0","0","0","0","0","0","0","0","0","201501","Masters","Graduate School"
"Spring",6,"0",0,"0",0,"0",0,"0",0,"0",0,"0",0,"0",0,"0",0,"0",0,"0",0,"1","0","1","0","0","0","0","0","1","0","0","201603","Masters","Graduate School"
"Spring",6,"0",0,"0",0,"0",0,"0",0,"0",0,"0",0,"0",0,"0",0,"0",0,"0",0,"1","0","1","0","0","0","0","0","1","0","0","201503","Masters","Graduate School"
"Spring",6,"0",0,"0",0,"0",0,"0",0,"0",0,"0",0,"0",0,"0",0,"0",0,"0",0,"0","0","1","0","0","0","0","0","0","0","0","201803","Masters","Graduate School"
"Fall",5,"0",0,"0",0,"0",0,"0",0,"0",0,"0",0,"0",0,"0",0,"0",0,"0",0,"1","0","1","0","0","0","0","0","1","0","0","201701","Masters","Graduate School"
"Spring",3,"0",0,"0",0,"0",0,"0",0,"0",0,"0",0,"0",0,"0",0,"0",0,"0",0,"1","0","0","0","0","0","0","0","1","0","0","201603","Masters","Graduate School"
"Spring",5,"0",0,"0",0,"0",0,"0",0,"0",0,"0",0,"0",0,"0",0,"0",0,"0",0,"1","0","1","0","0","0","0","0","1","0","0","201403","Masters","Graduate School"
"Spring",6,"0",0,"0",0,"0",0,"0",0,"0",0,"0",0,"0",0,"0",0,"0",0,"0",0,"0","0","1","0","0","0","0","0","0","0","0","201503","Masters","Graduate School"
"Spring",6,"0",0,"0",0,"0",0,"0",0,"0",0,"0",0,"0",0,"0",0,"0",0,"0",0,"0","0","1","0","0","0","0","0","0","0","0","201503","Masters","Graduate School"
"Winter",5,"0",0,"0",0,"0",0,"0",0,"0",0,"0",0,"0",0,"0",0,"0",0,"0",0,"1","0","1","0","0","0","0","0","1","0","0","201602","Masters","Graduate School"
"Fall",6,"0",0,"0",0,"0",0,"0",0,"0",0,"0",0,"0",0,"0",0,"0",0,"0",0,"0","0","0","0","0","0","0","0","0","0","0","201701","Masters","Graduate School"
"Fall",5,"0",0,"0",0,"0",0,"0",0,"0",0,"0",0,"0",0,"0",0,"0",0,"0",0,"0","0","0","0","0","0","0","0","0","0","0","201501","Masters","Graduate School"
"Winter",3,"0",0,"0",0,"0",0,"0",0,"0",0,"0",0,"0",0,"0",0,"0",0,"0",0,"0","0","0","0","0","0","0","0","0","0","0","201902","Masters","Graduate School"
"Winter",10,"0",0,"0",0,"0",0,"0",0,"0",0,"0",0,"0",0,"0",0,"0",0,"0",0,"0","0","1","0","0","0","0","0","0","0","0","201802","Masters","Graduate School"
"Winter",5,"0",0,"0",0,"0",0,"0",0,"0",0,"0",0,"0",0,"0",0,"0",0,"0",0,"0","0","0","0","0","0","0","0","0","0","0","201502","Masters","Graduate School"
"Spring",4,"0",0,"0",0,"0",0,"0",0,"0",0,"0",0,"0",0,"0",0,"0",0,"0",0,"0","0","0","0","0","0","0","0","0","0","0","201503","Masters","Graduate School"
"Winter",3,"0",0,"0",0,"0",0,"0",0,"0",0,"0",0,"0",0,"0",0,"0",0,"0",0,"1","0","0","0","0","0","0","0","1","0","0","201402","Masters","Graduate School"
"Winter",3,"0",0,"0",0,"0",0,"0",0,"0",0,"0",0,"0",0,"0",0,"0",0,"0",0,"1","0","0","0","0","0","0","0","1","0","0","201602","Masters","Graduate School"
"Winter",5,"0",0,"0",0,"0",0,"0",0,"0",0,"0",0,"0",0,"0",0,"0",0,"0",0,"1","0","0","0","0","0","0","0","1","0","0","201402","Masters","Graduate School"
"Fall",6,"0",0,"0",0,"0",0,"0",0,"0",0,"0",0,"0",0,"0",0,"0",0,"0",0,"0","0","0","0","0","0","0","0","0","0","0","201501","Masters","Graduate School"
"Fall",5,"0",0,"0",0,"0",0,"0",0,"0",0,"0",0,"0",0,"0",0,"0",0,"0",0,"0","0","1","0","0","0","0","0","0","0","0","201701","Masters","Graduate School"
"Fall",5,"0",0,"0",0,"0",0,"0",0,"0",0,"0",0,"0",0,"0",0,"0",0,"0",0,"1","0","0","0","0","0","0","0","1","0","0","201601","Masters","Graduate School"
"Fall",6,"0",0,"0",0,"0",0,"0",0,"0",0,"0",0,"0",0,"0",0,"0",0,"0",0,"0","0","1","0","0","0","0","0","0","0","0","201501","Masters","Graduate School"
"Fall",5,"0",0,"0",0,"0",0,"0",0,"0",0,"0",0,"0",0,"0",0,"0",0,"0",0,"1","0","0","0","0","0","0","0","1","0","0","201601","Masters","Graduate School"
"Fall",6,"0",0,"0",0,"0",0,"0",0,"0",0,"0",0,"0",0,"0",0,"0",0,"0",0,"1","0","1","0","0","0","0","0","1","0","0","201401","Masters","Graduate School"
"Spring",6,"0",0,"0",0,"0",0,"0",0,"0",0,"0",0,"0",0,"0",0,"0",0,"0",0,"1","0","0","0","0","0","0","0","1","0","0","201603","Masters","Graduate School"
"Winter",5,"0",0,"0",0,"0",0,"0",0,"0",0,"0",0,"0",0,"0",0,"0",0,"0",0,"1","0","0","0","0","0","0","0","1","0","0","201402","Masters","Graduate School"
"Winter",5,"0",0,"0",0,"0",0,"0",0,"0",0,"0",0,"0",0,"0",0,"0",0,"0",0,"1","0","0","0","0","0","0","0","1","0","0","201602","Masters","Graduate School"
"Winter",5,"0",0,"0",0,"0",0,"0",0,"0",0,"0",0,"0",0,"0",0,"0",0,"0",0,"0","0","1","0","0","0","0","0","0","0","0","201502","Masters","Graduate School"
"Winter",5,"0",0,"0",0,"0",0,"0",0,"0",0,"0",0,"0",0,"0",0,"0",0,"0",0,"1","0","0","0","0","0","0","0","1","0","0","201402","Masters","Graduate School"
"Fall",5,"0",0,"0",0,"0",0,"0",0,"0",0,"0",0,"0",0,"0",0,"0",0,"0",0,"1","0","0","0","0","0","0","0","1","0","0","201601","Masters","Graduate School"
"Fall",5,"0",0,"0",0,"0",0,"0",0,"0",0,"0",0,"0",0,"0",0,"0",0,"0",0,"1","0","0","0","0","0","0","0","1","0","0","201801","Masters","Graduate School"
"Spring",6,"0",0,"0",0,"0",0,"0",0,"0",0,"0",0,"0",0,"0",0,"0",0,"0",0,"1","0","1","0","0","0","0","0","1","0","0","201403","Masters","Graduate School"
"Winter",5,"0",0,"0",0,"0",0,"0",0,"0",0,"0",0,"0",0,"0",0,"0",0,"0",0,"1","0","0","0","0","0","0","0","0","0","0","201902","Masters","Graduate School"
"Winter",5,"0",0,"0",0,"0",0,"0",0,"0",0,"0",0,"0",0,"0",0,"0",0,"0",0,"1","0","1","0","0","0","0","0","1","0","0","201602","Masters","Graduate School"
"Spring",6,"0",0,"0",0,"0",0,"0",0,"0",0,"0",0,"0",0,"0",0,"0",0,"0",0,"1","0","0","0","0","0","0","0","1","0","0","201803","Masters","Graduate School"
"Winter",5,"0",0,"0",0,"0",0,"0",0,"0",0,"0",0,"0",0,"0",0,"0",0,"0",0,"1","0","1","0","0","0","0","0","1","0","0","201402","Masters","Graduate School"
"Winter",5,"0",0,"0",0,"0",0,"0",0,"0",0,"0",0,"0",0,"0",0,"0",0,"0",0,"1","0","0","0","0","0","0","0","1","0","0","201602","Masters","Graduate School"
"Winter",5,"0",0,"0",0,"0",0,"0",0,"0",0,"0",0,"0",0,"0",0,"0",0,"0",0,"1","0","0","0","0","0","0","0","1","0","0","201402","Masters","Graduate School"
"Winter",5,"0",0,"0",0,"0",0,"0",0,"0",0,"0",0,"0",0,"0",0,"0",0,"0",0,"1","0","0","0","0","0","0","0","1","0","0","201402","Masters","Graduate School"
"Spring",3,"0",0,"0",0,"0",0,"0",0,"0",0,"0",0,"0",0,"0",0,"0",0,"0",0,"0","0","0","0","0","0","0","0","0","0","0","201503","Masters","Graduate School"
"Spring",6,"0",0,"0",0,"0",0,"0",0,"0",0,"0",0,"0",0,"0",0,"0",0,"0",0,"1","0","1","0","0","0","0","0","1","0","0","201403","Masters","Graduate School"
"Winter",5,"0",0,"0",0,"0",0,"0",0,"0",0,"0",0,"0",0,"0",0,"0",0,"0",0,"0","0","1","0","0","0","0","0","0","0","0","201702","Masters","Graduate School"
"Winter",5,"0",0,"0",0,"0",0,"0",0,"0",0,"0",0,"0",0,"0",0,"0",0,"0",0,"0","0","1","0","0","0","0","0","0","0","0","201702","Masters","Graduate School"
"Spring",5,"0",0,"0",0,"0",0,"0",0,"0",0,"0",0,"0",0,"0",0,"0",0,"0",0,"0","0","1","0","0","0","0","0","0","0","0","201703","Masters","Graduate School"
"Spring",6,"0",0,"0",0,"0",0,"0",0,"0",0,"0",0,"0",0,"0",0,"0",0,"0",0,"1","0","1","0","0","0","0","0","1","0","0","201403","Masters","Graduate School"
"Winter",3,"0",0,"0",0,"0",0,"0",0,"0",0,"0",0,"0",0,"0",0,"0",0,"0",0,"1","0","0","0","0","0","0","0","1","0","0","201602","Masters","Graduate School"
"Winter",5,"0",0,"0",0,"0",0,"0",0,"0",0,"0",0,"0",0,"0",0,"0",0,"0",0,"0","0","1","0","0","0","0","0","0","0","0","201702","Masters","Graduate School"
"Fall",6,"0",0,"0",0,"0",0,"0",0,"0",0,"0",0,"0",0,"0",0,"0",0,"0",0,"1","0","1","0","0","0","0","0","1","0","0","201401","Masters","Graduate School"
"Spring",6,"0",0,"0",0,"0",0,"0",0,"0",0,"0",0,"0",0,"0",0,"0",0,"0",0,"1","0","0","0","0","0","0","0","1","0","0","201403","Masters","Graduate School"
"Winter",3,"0",0,"0",0,"0",0,"0",0,"0",0,"0",0,"0",0,"0",0,"0",0,"0",0,"1","0","0","0","0","0","0","0","1","0","0","201602","Masters","Graduate School"
"Winter",3,"0",0,"0",0,"0",0,"0",0,"0",0,"0",0,"0",0,"0",0,"0",0,"0",0,"0","0","0","0","0","0","0","0","0","0","0","201702","Masters","Graduate School"
"Spring",5,"0",0,"0",0,"0",0,"0",0,"0",0,"0",0,"0",0,"0",0,"0",0,"0",0,"1","0","1","0","0","0","0","0","1","0","0","201503","Masters","Graduate School"
"Spring",6,"0",0,"0",0,"0",0,"0",0,"0",0,"0",0,"0",0,"0",0,"0",0,"0",0,"1","0","0","0","0","0","0","0","1","0","0","201603","Masters","Graduate School"
"Winter",3,"0",0,"0",0,"0",0,"0",0,"0",0,"0",0,"0",0,"0",0,"0",0,"0",0,"0","0","0","0","0","0","0","0","0","0","0","201702","Masters","Graduate School"
"Winter",5,"0",0,"0",0,"0",0,"0",0,"0",0,"0",0,"0",0,"0",0,"0",0,"0",0,"1","0","0","0","0","0","0","0","1","0","0","201602","Masters","Graduate School"
"Fall",5,"0",0,"0",0,"0",0,"0",0,"0",0,"0",0,"0",0,"0",0,"0",0,"0",0,"1","0","0","0","0","0","0","0","1","0","0","201401","Masters","Graduate School"
"Spring",11,"0",0,"0",0,"0",0,"0",0,"0",0,"0",0,"0",0,"0",0,"0",0,"0",0,"0","0","1","0","0","0","0","0","0","0","0","201803","Masters","Graduate School"
"Spring",6,"0",0,"0",0,"0",0,"0",0,"0",0,"0",0,"0",0,"0",0,"0",0,"0",0,"1","0","0","0","0","0","0","0","1","0","0","201403","Masters","Graduate School"
"Winter",5,"0",0,"0",0,"0",0,"0",0,"0",0,"0",0,"0",0,"0",0,"0",0,"0",0,"1","0","1","0","0","0","0","0","1","0","0","201402","Masters","Graduate School"
"Fall",6,"0",0,"0",0,"0",0,"0",0,"0",0,"0",0,"0",0,"0",0,"0",0,"0",0,"1","0","0","0","0","0","0","0","1","0","0","201401","Masters","Graduate School"
"Spring",5,"0",0,"0",0,"0",0,"0",0,"0",0,"0",0,"0",0,"0",0,"0",0,"0",0,"1","0","1","0","0","0","0","0","1","0","0","201403","Masters","Graduate School"
"Spring",9,"0",0,"0",0,"0",0,"0",0,"0",0,"0",0,"0",0,"0",0,"0",0,"0",0,"0","0","1","0","0","0","0","0","0","1","0","201503","Masters","Graduate School"
"Winter",5,"0",0,"0",0,"0",0,"0",0,"0",0,"0",0,"0",0,"0",0,"0",0,"0",0,"1","0","0","0","0","0","0","0","1","0","0","201602","Masters","Graduate School"
"Fall",6,"0",0,"0",0,"0",0,"0",0,"0",0,"0",0,"0",0,"0",0,"0",0,"0",0,"0","0","0","0","0","0","0","0","0","0","0","201501","Masters","Graduate School"
"Spring",6,"0",0,"0",0,"0",0,"0",0,"0",0,"0",0,"0",0,"0",0,"0",0,"0",0,"0","0","0","0","0","0","0","0","0","0","0","201503","Masters","Graduate School"
"Winter",5,"0",0,"0",0,"0",0,"0",0,"0",0,"0",0,"0",0,"0",0,"0",0,"0",0,"1","0","1","0","0","0","0","0","1","0","0","201602","Masters","Graduate School"
"Fall",6,"0",0,"0",0,"0",0,"0",0,"0",0,"0",0,"0",0,"0",0,"0",0,"0",0,"0","0","1","0","0","0","0","0","0","0","0","201501","Masters","Graduate School"
"Winter",5,"0",0,"0",0,"0",0,"0",0,"0",0,"0",0,"0",0,"0",0,"0",0,"0",0,"1","0","0","0","0","0","0","0","1","0","0","201602","Masters","Graduate School"
"Spring",5,"0",0,"0",0,"0",0,"0",0,"0",0,"0",0,"0",0,"0",0,"0",0,"0",0,"0","0","0","0","0","0","0","0","0","0","0","201703","Masters","Graduate School"
"Fall",3,"0",0,"0",0,"0",0,"0",0,"0",0,"0",0,"0",0,"0",0,"0",0,"0",0,"1","0","0","0","0","0","0","0","1","0","0","201601","Masters","Graduate School"
"Spring",5,"0",0,"0",0,"0",0,"0",0,"0",0,"0",0,"0",0,"0",0,"0",0,"0",0,"1","0","0","0","0","0","0","0","0","0","0","201803","Masters","Graduate School"
"Winter",3,"0",0,"0",0,"0",0,"0",0,"0",0,"0",0,"0",0,"0",0,"0",0,"0",0,"1","0","0","0","0","0","0","0","1","0","0","201402","Masters","Graduate School"
"Fall",3,"0",0,"0",0,"0",0,"0",0,"0",0,"0",0,"0",0,"0",0,"0",0,"0",0,"1","0","0","0","0","0","0","0","1","0","0","201601","Masters","Graduate School"
"Winter",5,"0",0,"0",0,"0",0,"0",0,"0",0,"0",0,"0",0,"0",0,"0",0,"0",0,"1","0","0","0","0","0","0","0","1","0","0","201602","Masters","Graduate School"
"Fall",5,"0",0,"0",0,"0",0,"0",0,"0",0,"0",0,"0",0,"0",0,"0",0,"0",0,"1","0","0","0","0","0","0","0","1","0","0","201701","Masters","Graduate School"
"Winter",5,"0",0,"0",0,"0",0,"0",0,"0",0,"0",0,"0",0,"0",0,"0",0,"0",0,"0","0","0","0","0","0","0","0","0","0","0","201802","Masters","Graduate School"
"Fall",5,"0",0,"0",0,"0",0,"0",0,"0",0,"0",0,"0",0,"0",0,"0",0,"0",0,"1","0","0","0","0","0","0","0","1","0","0","201801","Masters","Graduate School"
"Fall",5,"0",0,"0",0,"0",0,"0",0,"0",0,"0",0,"0",0,"0",0,"0",0,"0",0,"1","0","1","0","0","0","0","0","1","0","0","201601","Masters","Graduate School"
"Spring",5,"0",0,"0",0,"0",0,"0",0,"0",0,"0",0,"0",0,"0",0,"0",0,"0",0,"1","0","1","0","0","0","0","0","1","0","0","201403","Masters","Graduate School"
"Spring",3,"0",0,"0",0,"0",0,"0",0,"0",0,"0",0,"0",0,"0",0,"0",0,"0",0,"0","0","0","0","0","0","0","0","0","0","0","201503","Masters","Graduate School"
"Winter",5,"0",0,"0",0,"0",0,"0",0,"0",0,"0",0,"0",0,"0",0,"0",0,"0",0,"1","0","0","0","0","0","0","0","1","0","0","201602","Masters","Graduate School"
"Fall",9,"0",0,"0",0,"0",0,"0",0,"0",0,"0",0,"0",0,"0",0,"0",0,"0",0,"0","0","0","0","0","0","0","0","0","0","0","201501","Masters","Graduate School"
"Fall",5,"0",0,"0",0,"0",0,"0",0,"0",0,"0",0,"0",0,"0",0,"0",0,"0",0,"1","0","0","0","0","0","0","0","1","0","0","201401","Masters","Graduate School"
"Winter",5,"0",0,"0",0,"0",0,"0",0,"0",0,"0",0,"0",0,"0",0,"0",0,"0",0,"1","0","0","0","0","0","0","0","1","0","0","201702","Masters","Graduate School"
"Fall",5,"0",0,"0",0,"0",0,"0",0,"0",0,"0",0,"0",0,"0",0,"0",0,"0",0,"1","0","0","0","0","0","0","0","1","0","0","201401","Masters","Graduate School"
"Winter",5,"0",0,"0",0,"0",0,"0",0,"0",0,"0",0,"0",0,"0",0,"0",0,"0",0,"1","0","0","0","0","0","0","0","0","0","0","201802","Masters","Graduate School"
"Fall",6,"0",0,"0",0,"0",0,"0",0,"0",0,"0",0,"0",0,"0",0,"0",0,"0",0,"1","0","0","0","0","0","0","0","1","0","0","201401","Masters","Graduate School"
"Fall",5,"0",0,"0",0,"0",0,"0",0,"0",0,"0",0,"0",0,"0",0,"0",0,"0",0,"1","0","1","0","0","0","0","0","1","0","0","201601","Masters","Graduate School"
"Fall",5,"0",0,"0",0,"0",0,"0",0,"0",0,"0",0,"0",0,"0",0,"0",0,"0",0,"0","0","0","0","0","0","0","0","0","0","0","201901","Masters","Graduate School"
"Winter",5,"0",0,"0",0,"0",0,"0",0,"0",0,"0",0,"0",0,"0",0,"0",0,"0",0,"1","0","1","0","0","0","0","0","1","0","0","201402","Masters","Graduate School"
"Winter",3,"0",0,"0",0,"0",0,"0",0,"0",0,"0",0,"0",0,"0",0,"0",0,"0",0,"0","0","0","0","0","0","0","0","0","0","0","201502","Masters","Graduate School"
"Fall",6,"0",0,"0",0,"0",0,"0",0,"0",0,"0",0,"0",0,"0",0,"0",0,"0",0,"0","0","1","0","0","0","0","0","0","0","0","201501","Masters","Graduate School"
"Fall",6,"0",0,"0",0,"0",0,"0",0,"0",0,"0",0,"0",0,"0",0,"0",0,"0",0,"1","0","0","0","0","0","0","0","1","0","0","201401","Masters","Graduate School"
"Spring",5,"0",0,"0",0,"0",0,"0",0,"0",0,"0",0,"0",0,"0",0,"0",0,"0",0,"0","0","0","0","0","0","0","0","0","0","0","201503","Masters","Graduate School"
"Spring",6,"0",0,"0",0,"0",0,"0",0,"0",0,"0",0,"0",0,"0",0,"0",0,"0",0,"1","0","0","0","0","0","0","0","0","0","0","201703","Masters","Graduate School"
"Winter",9,"0",0,"0",0,"0",0,"0",0,"0",0,"0",0,"0",0,"0",0,"0",0,"0",0,"0","0","1","0","0","0","0","0","0","0","0","201402","Masters","Graduate School"
"Fall",6,"0",0,"0",0,"0",0,"0",0,"0",0,"0",0,"0",0,"0",0,"0",0,"0",0,"0","0","1","0","0","0","0","0","0","0","0","201501","Masters","Graduate School"
"Spring",9,"0",0,"0",0,"0",0,"0",0,"0",0,"0",0,"0",0,"0",0,"0",0,"0",0,"0","0","1","0","0","0","0","0","0","0","0","201503","Masters","Graduate School"
"Winter",5,"0",0,"0",0,"0",0,"0",0,"0",0,"0",0,"0",0,"0",0,"0",0,"0",0,"0","0","0","0","0","0","0","0","0","0","0","201502","Masters","Graduate School"
"Fall",5,"0",0,"0",0,"0",0,"0",0,"0",0,"0",0,"0",0,"0",0,"0",0,"0",0,"1","0","1","0","0","0","0","0","1","0","0","201601","Masters","Graduate School"
"Winter",3,"0",0,"0",0,"0",0,"0",0,"0",0,"0",0,"0",0,"0",0,"0",0,"0",0,"1","0","0","0","0","0","0","0","1","0","0","201602","Masters","Graduate School"
"Fall",5,"0",0,"0",0,"0",0,"0",0,"0",0,"0",0,"0",0,"0",0,"0",0,"0",0,"1","0","0","0","0","0","0","0","1","0","0","201601","Masters","Graduate School"
"Spring",16,"0",0,"0",0,"0",0,"0",0,"0",0,"0",0,"0",0,"0",0,"0",0,"0",0,"1","0","1","0","0","0","0","0","1","0","0","201403","Masters","Graduate School"
"Fall",6,"0",0,"0",0,"0",0,"0",0,"0",0,"0",0,"0",0,"0",0,"0",0,"0",0,"1","0","0","0","0","0","0","0","1","0","0","201401","Masters","Graduate School"
"Fall",6,"0",0,"0",0,"0",0,"0",0,"0",0,"0",0,"0",0,"0",0,"0",0,"0",0,"1","0","0","0","0","0","0","0","1","0","0","201401","Masters","Graduate School"
"Spring",4,"0",0,"0",0,"0",0,"0",0,"0",0,"0",0,"0",0,"0",0,"0",0,"0",0,"0","0","0","0","0","0","0","0","0","0","0","201503","Masters","Graduate School"
"Spring",5,"0",0,"0",0,"0",0,"0",0,"0",0,"0",0,"0",0,"0",0,"0",0,"0",0,"1","0","0","0","0","0","0","0","1","0","0","201503","Masters","Graduate School"
"Spring",6,"0",0,"0",0,"0",0,"0",0,"0",0,"0",0,"0",0,"0",0,"0",0,"0",0,"1","0","1","0","0","0","0","0","1","0","0","201403","Masters","Graduate School"
"Fall",5,"0",0,"0",0,"0",0,"0",0,"0",0,"0",0,"0",0,"0",0,"0",0,"0",0,"1","0","0","0","0","0","0","0","1","0","0","201801","Masters","Graduate School"
"Winter",5,"0",0,"0",0,"0",0,"0",0,"0",0,"0",0,"0",0,"0",0,"0",0,"0",0,"1","0","0","0","0","0","0","0","1","0","0","201602","Masters","Graduate School"
"Winter",5,"0",0,"0",0,"0",0,"0",0,"0",0,"0",0,"0",0,"0",0,"0",0,"0",0,"1","0","0","0","0","0","0","0","1","0","0","201602","Masters","Graduate School"
"Winter",12,"0",0,"0",0,"0",0,"0",0,"0",0,"0",0,"0",0,"0",0,"0",0,"0",0,"0","0","1","0","0","0","0","0","0","0","0","201702","Masters","Graduate School"
"Spring",6,"0",0,"0",0,"0",0,"0",0,"0",0,"0",0,"0",0,"0",0,"0",0,"0",0,"1","0","1","0","0","0","0","0","1","0","0","201403","Masters","Graduate School"
"Winter",5,"0",0,"0",0,"0",0,"0",0,"0",0,"0",0,"0",0,"0",0,"0",0,"0",0,"1","0","1","0","0","0","0","0","1","0","0","201402","Masters","Graduate School"
"Winter",5,"0",0,"0",0,"0",0,"0",0,"0",0,"0",0,"0",0,"0",0,"0",0,"0",0,"1","0","0","0","0","0","0","0","1","0","0","201402","Masters","Graduate School"
"Winter",5,"1",0.4,"1",0.4,"0",0,"0",0,"1",0.4,"1",0.4,"0",0,"0",0,"0",0,"0",0,"1","0","1","0","0","0","0","0","1","0","0","201402","Masters","Graduate School"
"Spring",6,"0",0,"0",0,"0",0,"0",0,"0",0,"0",0,"0",0,"0",0,"0",0,"0",0,"1","0","0","0","0","0","0","0","1","0","0","201403","Masters","Graduate School"
"Winter",5,"0",0,"0",0,"0",0,"0",0,"0",0,"0",0,"0",0,"0",0,"0",0,"0",0,"1","0","1","0","0","0","0","0","1","0","0","201502","Masters","Graduate School"
"Spring",6,"0",0,"0",0,"0",0,"0",0,"0",0,"0",0,"0",0,"0",0,"0",0,"0",0,"1","0","1","0","0","0","0","0","1","0","0","201403","Masters","Graduate School"
"Winter",5,"0",0,"0",0,"0",0,"0",0,"0",0,"0",0,"0",0,"0",0,"0",0,"0",0,"1","0","1","0","0","0","0","0","1","0","0","201402","Masters","Graduate School"
"Spring",5,"0",0,"0",0,"0",0,"0",0,"0",0,"0",0,"0",0,"0",0,"0",0,"0",0,"0","0","0","0","0","0","0","0","0","0","0","201703","Masters","Graduate School"
"Winter",3,"0",0,"0",0,"0",0,"0",0,"0",0,"0",0,"0",0,"0",0,"0",0,"0",0,"1","0","0","0","0","0","0","0","1","0","0","201502","Masters","Graduate School"
"Spring",6,"0",0,"0",0,"0",0,"0",0,"0",0,"0",0,"0",0,"0",0,"0",0,"0",0,"1","0","0","0","0","0","0","0","1","0","0","201603","Masters","Graduate School"
"Winter",5,"0",0,"0",0,"0",0,"0",0,"0",0,"0",0,"0",0,"0",0,"0",0,"0",0,"0","0","1","0","0","0","0","0","0","0","0","201702","Masters","Graduate School"
"Winter",3,"0",0,"0",0,"0",0,"0",0,"0",0,"0",0,"0",0,"0",0,"0",0,"0",0,"0","0","0","0","0","0","0","0","0","0","0","201802","Masters","Graduate School"
"Winter",5,"0",0,"0",0,"0",0,"0",0,"0",0,"0",0,"0",0,"0",0,"0",0,"0",0,"0","0","0","0","0","0","0","0","0","0","0","201502","Masters","Graduate School"
"Winter",5,"0",0,"0",0,"0",0,"0",0,"0",0,"0",0,"0",0,"0",0,"0",0,"0",0,"1","0","0","0","0","0","0","0","1","0","0","201402","Masters","Graduate School"
"Fall",5,"0",0,"0",0,"0",0,"0",0,"0",0,"0",0,"0",0,"0",0,"0",0,"0",0,"1","0","1","0","0","0","0","0","1","0","0","201601","Masters","Graduate School"
"Spring",6,"0",0,"0",0,"0",0,"0",0,"0",0,"0",0,"0",0,"0",0,"0",0,"0",0,"0","0","0","0","0","0","0","0","0","0","0","201703","Masters","Graduate School"
"Winter",3,"0",0,"0",0,"0",0,"0",0,"0",0,"0",0,"0",0,"0",0,"0",0,"0",0,"1","0","0","0","0","0","0","0","1","0","0","201402","Masters","Graduate School"
"Winter",5,"0",0,"0",0,"0",0,"0",0,"0",0,"0",0,"0",0,"0",0,"0",0,"0",0,"1","0","1","0","0","0","0","0","1","0","0","201402","Masters","Graduate School"
"Winter",5,"0",0,"0",0,"0",0,"0",0,"0",0,"0",0,"0",0,"0",0,"0",0,"0",0,"1","0","1","0","0","0","0","0","1","0","0","201402","Masters","Graduate School"
"Winter",5,"0",0,"0",0,"0",0,"0",0,"0",0,"0",0,"0",0,"0",0,"0",0,"0",0,"0","0","1","0","0","0","0","0","0","0","0","201902","Masters","Graduate School"
"Fall",11,"0",0,"0",0,"0",0,"0",0,"0",0,"0",0,"0",0,"0",0,"0",0,"0",0,"0","0","1","0","0","0","0","0","0","0","0","201501","Masters","Graduate School"
"Fall",5,"0",0,"0",0,"0",0,"0",0,"0",0,"0",0,"0",0,"0",0,"0",0,"0",0,"1","0","0","0","0","0","0","0","1","0","0","201701","Masters","Graduate School"
"Fall",5,"0",0,"0",0,"0",0,"0",0,"0",0,"0",0,"0",0,"0",0,"0",0,"0",0,"1","0","0","0","0","0","0","0","1","0","0","201601","Masters","Graduate School"
"Winter",5,"0",0,"0",0,"0",0,"0",0,"0",0,"0",0,"0",0,"0",0,"0",0,"0",0,"0","0","1","0","0","0","0","0","0","0","0","201502","Masters","Graduate School"
"Winter",5,"0",0,"0",0,"0",0,"0",0,"0",0,"0",0,"0",0,"0",0,"0",0,"0",0,"0","0","1","0","0","0","0","0","0","0","0","201502","Masters","Graduate School"
"Fall",3,"0",0,"0",0,"0",0,"0",0,"0",0,"0",0,"0",0,"0",0,"0",0,"0",0,"1","0","0","0","0","0","0","0","1","0","0","201601","Masters","Graduate School"
"Spring",5,"0",0,"0",0,"0",0,"0",0,"0",0,"0",0,"0",0,"0",0,"0",0,"0",0,"1","0","1","0","0","0","0","0","1","0","0","201603","Masters","Graduate School"
"Winter",3,"0",0,"0",0,"0",0,"0",0,"0",0,"0",0,"0",0,"0",0,"0",0,"0",0,"1","0","0","0","0","0","0","0","1","0","0","201602","Masters","Graduate School"
"Spring",3,"0",0,"0",0,"0",0,"0",0,"0",0,"0",0,"0",0,"0",0,"0",0,"0",0,"1","0","0","0","0","0","0","0","1","0","0","201403","Masters","Graduate School"
"Spring",9,"1",0.4,"1",0.4,"0",0,"0",0,"1",0.4,"1",0.4,"0",0,"0",0,"0",0,"0",0,"0","0","1","0","0","0","0","0","0","0","0","201803","Masters","Graduate School"
"Fall",5,"0",0,"0",0,"0",0,"0",0,"0",0,"0",0,"0",0,"0",0,"0",0,"0",0,"1","0","0","0","0","0","0","0","1","0","0","201801","Masters","Graduate School"
"Fall",5,"0",0,"0",0,"0",0,"0",0,"0",0,"0",0,"0",0,"0",0,"0",0,"0",0,"1","0","0","0","0","0","0","0","1","0","0","201801","Masters","Graduate School"
"Spring",5,"0",0,"0",0,"0",0,"0",0,"0",0,"0",0,"0",0,"0",0,"0",0,"0",0,"1","0","1","0","0","0","0","0","1","0","0","201403","Masters","Graduate School"
"Winter",5,"0",0,"0",0,"0",0,"0",0,"0",0,"0",0,"0",0,"0",0,"0",0,"0",0,"1","0","1","0","0","0","0","0","0","0","0","201702","Masters","Graduate School"
"Spring",3,"0",0,"0",0,"0",0,"0",0,"0",0,"0",0,"0",0,"0",0,"0",0,"0",0,"0","0","0","0","0","0","0","0","0","0","0","201703","Masters","Graduate School"
"Winter",6,"0",0,"0",0,"0",0,"0",0,"0",0,"0",0,"0",0,"0",0,"0",0,"0",0,"0","0","0","0","0","0","0","0","0","0","0","201502","Masters","Graduate School"
"Spring",5,"0",0,"0",0,"0",0,"0",0,"0",0,"0",0,"0",0,"0",0,"0",0,"0",0,"1","0","0","0","0","0","0","0","0","0","0","201803","Masters","Graduate School"
"Winter",3,"0",0,"0",0,"0",0,"0",0,"0",0,"0",0,"0",0,"0",0,"0",0,"0",0,"1","0","0","0","0","0","0","0","1","0","0","201502","Masters","Graduate School"
"Winter",5,"0",0,"0",0,"0",0,"0",0,"0",0,"0",0,"0",0,"0",0,"0",0,"0",0,"1","0","1","0","0","0","0","0","1","0","0","201602","Masters","Graduate School"
"Spring",9,"0",0,"0",0,"0",0,"0",0,"0",0,"0",0,"0",0,"0",0,"0",0,"0",0,"0","0","0","0","0","0","0","0","0","0","0","201503","Masters","Graduate School"
"Winter",5,"0",0,"0",0,"0",0,"0",0,"0",0,"0",0,"0",0,"0",0,"0",0,"0",0,"1","0","1","0","0","0","0","0","1","0","0","201402","Masters","Graduate School"
"Spring",6,"0",0,"0",0,"0",0,"0",0,"0",0,"0",0,"0",0,"0",0,"0",0,"0",0,"1","0","1","0","0","0","0","0","1","0","0","201603","Masters","Graduate School"
"Fall",6,"0",0,"0",0,"0",0,"0",0,"0",0,"0",0,"0",0,"0",0,"0",0,"0",0,"1","0","0","0","0","0","0","0","1","0","0","201401","Masters","Graduate School"
"Winter",3,"0",0,"0",0,"0",0,"0",0,"0",0,"0",0,"0",0,"0",0,"0",0,"0",0,"1","0","0","0","0","0","0","0","0","0","0","201802","Masters","Graduate School"
"Spring",5,"0",0,"0",0,"0",0,"0",0,"0",0,"0",0,"0",0,"0",0,"0",0,"0",0,"0","0","0","0","0","0","0","0","0","0","0","201703","Masters","Graduate School"
"Spring",6,"0",0,"0",0,"0",0,"0",0,"0",0,"0",0,"0",0,"0",0,"0",0,"0",0,"1","0","0","0","0","0","0","0","1","0","0","201603","Masters","Graduate School"
"Winter",5,"0",0,"0",0,"0",0,"0",0,"0",0,"0",0,"0",0,"0",0,"0",0,"0",0,"1","0","0","0","0","0","0","0","1","0","0","201402","Masters","Graduate School"
"Fall",6,"0",0,"0",0,"0",0,"0",0,"0",0,"0",0,"0",0,"0",0,"0",0,"0",0,"1","0","0","0","0","0","0","0","1","0","0","201401","Masters","Graduate School"
"Winter",5,"0",0,"0",0,"0",0,"0",0,"0",0,"0",0,"0",0,"0",0,"0",0,"0",0,"1","0","0","0","0","0","0","0","1","0","0","201602","Masters","Graduate School"
"Winter",12,"0",0,"0",0,"0",0,"0",0,"0",0,"0",0,"0",0,"0",0,"0",0,"0",0,"0","0","0","0","0","0","0","0","0","0","0","201602","Masters","Graduate School"
"Spring",6,"0",0,"0",0,"0",0,"0",0,"0",0,"0",0,"0",0,"0",0,"0",0,"0",0,"1","0","0","0","0","0","0","0","1","0","0","201603","Masters","Graduate School"
"Spring",5,"0",0,"0",0,"0",0,"0",0,"0",0,"0",0,"0",0,"0",0,"0",0,"0",0,"0","0","1","0","0","0","0","0","0","0","0","201503","Masters","Graduate School"
"Fall",3,"0",0,"0",0,"0",0,"0",0,"0",0,"0",0,"0",0,"0",0,"0",0,"0",0,"1","0","0","0","0","0","0","0","1","0","0","201801","Masters","Graduate School"
"Fall",6,"0",0,"0",0,"0",0,"0",0,"0",0,"0",0,"0",0,"0",0,"0",0,"0",0,"0","0","0","0","0","0","0","0","0","0","0","201501","Masters","Graduate School"
"Spring",9,"0",0,"0",0,"0",0,"0",0,"0",0,"0",0,"0",0,"0",0,"0",0,"0",0,"0","0","1","0","0","0","0","0","0","0","0","201703","Masters","Graduate School"
"Fall",6,"0",0,"0",0,"0",0,"0",0,"0",0,"0",0,"0",0,"0",0,"0",0,"0",0,"1","0","0","0","0","0","0","0","1","0","0","201401","Masters","Graduate School"
"Fall",5,"0",0,"0",0,"0",0,"0",0,"0",0,"0",0,"0",0,"0",0,"0",0,"0",0,"1","0","0","0","0","0","0","0","1","0","0","201801","Masters","Graduate School"
"Winter",3,"0",0,"0",0,"0",0,"0",0,"0",0,"0",0,"0",0,"0",0,"0",0,"0",0,"0","0","0","0","0","0","0","0","0","0","0","201502","Masters","Graduate School"
"Spring",6,"0",0,"0",0,"0",0,"0",0,"0",0,"0",0,"0",0,"0",0,"0",0,"0",0,"1","0","0","0","0","0","0","0","1","0","0","201403","Masters","Graduate School"
"Fall",6,"0",0,"0",0,"0",0,"0",0,"0",0,"0",0,"0",0,"0",0,"0",0,"0",0,"1","0","1","0","0","0","0","0","1","0","0","201401","Masters","Graduate School"
"Fall",5,"0",0,"0",0,"0",0,"0",0,"0",0,"0",0,"0",0,"0",0,"0",0,"0",0,"1","0","0","0","0","0","0","0","1","0","0","201601","Masters","Graduate School"
"Winter",5,"0",0,"0",0,"0",0,"0",0,"0",0,"0",0,"0",0,"0",0,"0",0,"0",0,"1","0","1","0","0","0","0","0","1","0","0","201602","Masters","Graduate School"
"Winter",5,"0",0,"0",0,"0",0,"0",0,"0",0,"0",0,"0",0,"0",0,"0",0,"0",0,"0","0","0","0","0","0","0","0","0","0","0","201702","Masters","Graduate School"
"Winter",5,"0",0,"0",0,"0",0,"0",0,"0",0,"0",0,"0",0,"0",0,"0",0,"0",0,"0","0","0","0","0","0","0","0","0","0","0","201702","Masters","Graduate School"
"Fall",6,"0",0,"0",0,"0",0,"0",0,"0",0,"0",0,"0",0,"0",0,"0",0,"0",0,"0","0","1","0","0","0","0","0","0","0","0","201501","Masters","Graduate School"
"Winter",3,"0",0,"0",0,"0",0,"0",0,"0",0,"0",0,"0",0,"0",0,"0",0,"0",0,"1","0","0","0","0","0","0","0","1","0","0","201602","Masters","Graduate School"
"Winter",3,"0",0,"0",0,"0",0,"0",0,"0",0,"0",0,"0",0,"0",0,"0",0,"0",0,"1","0","0","0","0","0","0","0","1","0","0","201602","Masters","Graduate School"
"Spring",6,"0",0,"0",0,"0",0,"0",0,"0",0,"0",0,"0",0,"0",0,"0",0,"0",0,"1","0","1","0","0","0","0","0","1","0","0","201703","Masters","Graduate School"
"Fall",6,"0",0,"0",0,"0",0,"0",0,"0",0,"0",0,"0",0,"0",0,"0",0,"0",0,"1","0","0","0","0","0","0","0","1","0","0","201401","Masters","Graduate School"
"Fall",6,"0",0,"0",0,"0",0,"0",0,"0",0,"0",0,"0",0,"0",0,"0",0,"0",0,"1","0","1","0","0","0","0","0","1","0","0","201401","Masters","Graduate School"
"Winter",5,"0",0,"0",0,"0",0,"0",0,"0",0,"0",0,"0",0,"0",0,"0",0,"0",0,"0","0","1","0","0","0","0","0","0","0","0","201802","Masters","Graduate School"
"Winter",11,"0",0,"0",0,"0",0,"0",0,"0",0,"0",0,"0",0,"0",0,"0",0,"0",0,"0","0","0","0","0","0","0","0","0","0","0","201602","Masters","Graduate School"
"Spring",6,"0",0,"0",0,"0",0,"0",0,"0",0,"0",0,"0",0,"0",0,"0",0,"0",0,"1","0","1","0","0","0","0","0","1","0","0","201403","Masters","Graduate School"
"Winter",5,"0",0,"0",0,"0",0,"0",0,"0",0,"0",0,"0",0,"0",0,"0",0,"0",0,"1","0","0","0","0","0","0","0","1","0","0","201402","Masters","Graduate School"
"Fall",5,"0",0,"0",0,"0",0,"0",0,"0",0,"0",0,"0",0,"0",0,"0",0,"0",0,"0","0","1","0","0","0","0","0","0","0","0","201701","Masters","Graduate School"
"Winter",5,"0",0,"0",0,"0",0,"0",0,"0",0,"0",0,"0",0,"0",0,"0",0,"0",0,"1","0","0","0","0","0","0","0","1","0","0","201602","Masters","Graduate School"
"Spring",5,"0",0,"0",0,"0",0,"0",0,"0",0,"0",0,"0",0,"0",0,"0",0,"0",0,"1","0","1","0","0","0","0","0","0","0","0","201803","Masters","Graduate School"
"Spring",6,"0",0,"0",0,"0",0,"0",0,"0",0,"0",0,"0",0,"0",0,"0",0,"0",0,"1","0","0","0","0","0","0","0","1","0","0","201403","Masters","Graduate School"
"Winter",5,"0",0,"0",0,"0",0,"0",0,"0",0,"0",0,"0",0,"0",0,"0",0,"0",0,"1","0","0","0","0","0","0","0","1","0","0","201402","Masters","Graduate School"
"Spring",6,"0",0,"0",0,"0",0,"0",0,"0",0,"0",0,"0",0,"0",0,"0",0,"0",0,"0","0","1","0","0","0","0","0","0","0","0","201503","Masters","Graduate School"
"Winter",5,"0",0,"0",0,"0",0,"0",0,"0",0,"0",0,"0",0,"0",0,"0",0,"0",0,"1","0","1","0","0","0","0","0","0","0","0","201502","Masters","Graduate School"
"Spring",5,"0",0,"0",0,"0",0,"0",0,"0",0,"0",0,"0",0,"0",0,"0",0,"0",0,"1","0","1","0","0","0","0","0","0","0","0","201803","Masters","Graduate School"
"Winter",5,"0",0,"0",0,"0",0,"0",0,"0",0,"0",0,"0",0,"0",0,"0",0,"0",0,"1","0","1","0","0","0","0","0","1","0","0","201402","Masters","Graduate School"
"Winter",5,"0",0,"0",0,"0",0,"0",0,"0",0,"0",0,"0",0,"0",0,"0",0,"0",0,"0","0","1","0","0","0","0","0","0","0","0","201502","Masters","Graduate School"
"Fall",5,"0",0,"0",0,"0",0,"0",0,"0",0,"0",0,"0",0,"0",0,"0",0,"0",0,"1","0","1","0","0","0","0","0","1","0","0","201601","Masters","Graduate School"
"Spring",5,"0",0,"0",0,"0",0,"0",0,"0",0,"0",0,"0",0,"0",0,"0",0,"0",0,"0","0","1","0","0","0","0","0","0","0","0","201903","Masters","Graduate School"
"Spring",3,"0",0,"0",0,"0",0,"0",0,"0",0,"0",0,"0",0,"0",0,"0",0,"0",0,"0","0","0","0","0","0","0","0","0","0","0","201503","Masters","Graduate School"
"Fall",11,"0",0,"0",0,"0",0,"0",0,"0",0,"0",0,"0",0,"0",0,"0",0,"0",0,"1","0","0","0","0","0","0","0","1","0","0","201401","Masters","Graduate School"
"Spring",3,"0",0,"0",0,"0",0,"0",0,"0",0,"0",0,"0",0,"0",0,"0",0,"0",0,"0","0","0","0","0","0","0","0","0","0","0","201503","Masters","Graduate School"
"Winter",3,"0",0,"0",0,"0",0,"0",0,"0",0,"0",0,"0",0,"0",0,"0",0,"0",0,"1","0","0","0","0","0","0","0","1","0","0","201402","Masters","Graduate School"
"Spring",6,"0",0,"0",0,"0",0,"0",0,"0",0,"0",0,"0",0,"0",0,"0",0,"0",0,"1","0","0","0","0","0","0","0","1","0","0","201503","Masters","Graduate School"
"Winter",5,"0",0,"0",0,"0",0,"0",0,"0",0,"0",0,"0",0,"0",0,"0",0,"0",0,"0","0","0","0","0","0","0","0","0","0","0","201802","Masters","Graduate School"
"Winter",5,"0",0,"0",0,"0",0,"0",0,"0",0,"0",0,"0",0,"0",0,"0",0,"0",0,"1","0","0","0","0","0","0","0","0","0","0","201702","Masters","Graduate School"
"Winter",5,"0",0,"0",0,"0",0,"0",0,"0",0,"0",0,"0",0,"0",0,"0",0,"0",0,"1","0","1","0","0","0","0","0","0","0","0","201502","Masters","Graduate School"
"Spring",6,"0",0,"0",0,"0",0,"0",0,"0",0,"0",0,"0",0,"0",0,"0",0,"0",0,"0","0","1","0","0","0","0","0","0","0","0","201503","Masters","Graduate School"
"Winter",5,"0",0,"0",0,"0",0,"0",0,"0",0,"0",0,"0",0,"0",0,"0",0,"0",0,"1","0","1","0","0","0","0","0","1","0","0","201402","Masters","Graduate School"
"Winter",5,"0",0,"0",0,"0",0,"0",0,"0",0,"0",0,"0",0,"0",0,"0",0,"0",0,"1","0","0","0","0","0","0","0","1","0","0","201402","Masters","Graduate School"
"Winter",5,"0",0,"0",0,"0",0,"0",0,"0",0,"0",0,"0",0,"0",0,"0",0,"0",0,"0","0","1","0","0","0","0","0","0","0","0","201702","Masters","Graduate School"
"Spring",7,"0",0,"0",0,"0",0,"0",0,"0",0,"0",0,"0",0,"0",0,"0",0,"0",0,"1","0","0","0","0","0","0","0","1","0","0","201603","Masters","Graduate School"
"Winter",5,"0",0,"0",0,"0",0,"0",0,"0",0,"0",0,"0",0,"0",0,"0",0,"0",0,"1","0","1","0","0","0","0","0","1","0","0","201402","Masters","Graduate School"
"Winter",5,"0",0,"0",0,"0",0,"0",0,"0",0,"0",0,"0",0,"0",0,"0",0,"0",0,"0","0","1","0","0","0","0","0","0","0","0","201502","Masters","Graduate School"
"Spring",6,"0",0,"0",0,"0",0,"0",0,"0",0,"0",0,"0",0,"0",0,"0",0,"0",0,"1","0","1","0","0","0","0","0","0","0","0","201703","Masters","Graduate School"
"Fall",5,"0",0,"0",0,"0",0,"0",0,"0",0,"0",0,"0",0,"0",0,"0",0,"0",0,"1","0","1","0","0","0","0","0","1","0","0","201701","Masters","Graduate School"
"Winter",5,"0",0,"0",0,"0",0,"0",0,"0",0,"0",0,"0",0,"0",0,"0",0,"0",0,"1","0","0","0","0","0","0","0","1","0","0","201402","Masters","Graduate School"
"Spring",9,"0",0,"0",0,"0",0,"0",0,"0",0,"0",0,"0",0,"0",0,"0",0,"0",0,"0","0","1","0","0","0","0","0","0","0","0","201503","Masters","Graduate School"
"Winter",5,"0",0,"0",0,"0",0,"0",0,"0",0,"0",0,"0",0,"0",0,"0",0,"0",0,"1","0","0","0","0","0","0","0","1","0","0","201602","Masters","Graduate School"
"Fall",14,"0",0,"0",0,"0",0,"0",0,"0",0,"0",0,"0",0,"0",0,"0",0,"0",0,"0","0","1","0","0","0","0","0","0","0","0","201401","Masters","Graduate School"
"Fall",6,"0",0,"0",0,"0",0,"0",0,"0",0,"0",0,"0",0,"0",0,"0",0,"0",0,"1","0","0","0","0","0","0","0","1","0","0","201401","Masters","Graduate School"
"Spring",6,"0",0,"0",0,"0",0,"0",0,"0",0,"0",0,"0",0,"0",0,"0",0,"0",0,"1","0","1","0","0","0","0","0","1","0","0","201603","Masters","Graduate School"
"Spring",3,"0",0,"0",0,"0",0,"0",0,"0",0,"0",0,"0",0,"0",0,"0",0,"0",0,"0","0","0","0","0","0","0","0","0","0","0","201503","Masters","Graduate School"
"Spring",6,"0",0,"0",0,"0",0,"0",0,"0",0,"0",0,"0",0,"0",0,"0",0,"0",0,"0","0","1","0","0","0","0","0","0","0","0","201503","Masters","Graduate School"
"Spring",3,"0",0,"0",0,"0",0,"0",0,"0",0,"0",0,"0",0,"0",0,"0",0,"0",0,"1","0","0","0","0","0","0","0","1","0","0","201403","Masters","Graduate School"
"Fall",3,"0",0,"0",0,"0",0,"0",0,"0",0,"0",0,"0",0,"0",0,"0",0,"0",0,"0","0","0","0","0","0","0","0","0","0","0","201701","Masters","Graduate School"
"Winter",3,"0",0,"0",0,"0",0,"0",0,"0",0,"0",0,"0",0,"0",0,"0",0,"0",0,"0","0","0","0","0","0","0","0","0","0","0","201702","Masters","Graduate School"
"Winter",3,"0",0,"0",0,"0",0,"0",0,"0",0,"0",0,"0",0,"0",0,"0",0,"0",0,"1","0","0","0","0","0","0","0","1","0","0","201602","Masters","Graduate School"
"Spring",9,"0",0,"0",0,"0",0,"0",0,"0",0,"0",0,"0",0,"0",0,"0",0,"0",0,"0","0","1","0","0","0","0","0","0","0","0","201803","Masters","Graduate School"
"Winter",5,"0",0,"0",0,"0",0,"0",0,"0",0,"0",0,"0",0,"0",0,"0",0,"0",0,"1","0","1","0","0","0","0","0","1","0","0","201402","Masters","Graduate School"
"Winter",5,"0",0,"0",0,"0",0,"0",0,"0",0,"0",0,"0",0,"0",0,"0",0,"0",0,"1","0","1","0","0","0","0","0","1","0","0","201602","Masters","Graduate School"
"Spring",5,"0",0,"0",0,"0",0,"0",0,"0",0,"0",0,"0",0,"0",0,"0",0,"0",0,"1","0","0","0","0","0","0","0","1","0","0","201403","Masters","Graduate School"
"Winter",3,"0",0,"0",0,"0",0,"0",0,"0",0,"0",0,"0",0,"0",0,"0",0,"0",0,"1","0","0","0","0","0","0","0","1","0","0","201602","Masters","Graduate School"
"Winter",3,"0",0,"0",0,"0",0,"0",0,"0",0,"0",0,"0",0,"0",0,"0",0,"0",0,"1","0","0","0","0","0","0","0","1","0","0","201602","Masters","Graduate School"
"Winter",5,"0",0,"0",0,"0",0,"0",0,"0",0,"0",0,"0",0,"0",0,"0",0,"0",0,"1","0","1","0","0","0","0","0","1","0","0","201502","Masters","Graduate School"
"Winter",5,"1",0.4,"1",0.4,"0",0,"0",0,"1",0.4,"1",0.4,"0",0,"0",0,"0",0,"0",0,"1","0","0","0","0","0","0","0","1","0","0","201402","Masters","Graduate School"
"Spring",3,"0",0,"0",0,"0",0,"0",0,"0",0,"0",0,"0",0,"0",0,"0",0,"0",0,"1","0","0","0","0","0","0","0","1","0","0","201603","Masters","Graduate School"
"Spring",5,"0",0,"0",0,"0",0,"0",0,"0",0,"0",0,"0",0,"0",0,"0",0,"0",0,"1","0","0","0","0","0","0","0","1","0","0","201403","Masters","Graduate School"
"Winter",5,"0",0,"0",0,"0",0,"0",0,"0",0,"0",0,"0",0,"0",0,"0",0,"0",0,"1","0","0","0","0","0","0","0","1","0","0","201402","Masters","Graduate School"
"Winter",2,"0",0,"0",0,"0",0,"0",0,"0",0,"0",0,"0",0,"0",0,"0",0,"0",0,"0","0","0","0","0","0","0","0","0","0","0","201702","Masters","Graduate School"
"Winter",5,"0",0,"0",0,"0",0,"0",0,"0",0,"0",0,"0",0,"0",0,"0",0,"0",0,"1","0","0","0","0","0","0","0","1","0","0","201402","Masters","Graduate School"
"Winter",5,"0",0,"0",0,"0",0,"0",0,"0",0,"0",0,"0",0,"0",0,"0",0,"0",0,"1","0","1","0","0","0","0","0","1","0","0","201602","Masters","Graduate School"
"Winter",3,"0",0,"0",0,"0",0,"0",0,"0",0,"0",0,"0",0,"0",0,"0",0,"0",0,"0","0","0","0","0","0","0","0","0","0","0","201502","Masters","Graduate School"
"Winter",9,"0",0,"0",0,"0",0,"0",0,"0",0,"0",0,"0",0,"0",0,"0",0,"0",0,"0","0","1","0","0","0","0","0","0","0","0","201502","Masters","Graduate School"
"Fall",3,"0",0,"0",0,"0",0,"0",0,"0",0,"0",0,"0",0,"0",0,"0",0,"0",0,"1","0","0","0","0","0","0","0","0","0","0","201901","Masters","Graduate School"
"Winter",5,"0",0,"0",0,"0",0,"0",0,"0",0,"0",0,"0",0,"0",0,"0",0,"0",0,"1","0","0","0","0","0","0","0","1","0","0","201402","Masters","Graduate School"
"Winter",5,"0",0,"0",0,"0",0,"0",0,"0",0,"0",0,"0",0,"0",0,"0",0,"0",0,"0","0","0","0","0","0","0","0","0","0","0","201502","Masters","Graduate School"
"Winter",5,"0",0,"0",0,"0",0,"0",0,"0",0,"0",0,"0",0,"0",0,"0",0,"0",0,"0","0","1","0","0","0","0","0","0","0","0","201802","Masters","Graduate School"
"Spring",7,"0",0,"0",0,"0",0,"0",0,"0",0,"0",0,"0",0,"0",0,"0",0,"0",0,"0","0","0","0","0","0","0","0","0","0","0","201503","Masters","Graduate School"
"Fall",6,"0",0,"0",0,"0",0,"0",0,"0",0,"0",0,"0",0,"0",0,"0",0,"0",0,"1","0","0","0","0","0","0","0","1","0","0","201401","Masters","Graduate School"
"Spring",6,"0",0,"0",0,"0",0,"0",0,"0",0,"0",0,"0",0,"0",0,"0",0,"0",0,"1","0","1","0","0","0","0","0","1","0","0","201403","Masters","Graduate School"
"Spring",11,"0",0,"0",0,"0",0,"0",0,"0",0,"0",0,"0",0,"0",0,"0",0,"0",0,"0","0","0","0","0","0","0","0","0","0","0","201703","Masters","Graduate School"
"Fall",5,"0",0,"0",0,"0",0,"0",0,"0",0,"0",0,"0",0,"0",0,"0",0,"0",0,"1","0","1","0","0","0","0","0","1","0","0","201401","Masters","Graduate School"
"Winter",5,"0",0,"0",0,"0",0,"0",0,"0",0,"0",0,"0",0,"0",0,"0",0,"0",0,"0","0","1","0","0","0","0","0","0","0","0","201502","Masters","Graduate School"
"Winter",3,"0",0,"0",0,"0",0,"0",0,"0",0,"0",0,"0",0,"0",0,"0",0,"0",0,"0","0","0","0","0","0","0","0","0","0","0","201702","Masters","Graduate School"
"Fall",6,"0",0,"0",0,"0",0,"0",0,"0",0,"0",0,"0",0,"0",0,"0",0,"0",0,"0","0","0","0","0","0","0","0","0","0","0","201501","Masters","Graduate School"
"Fall",6,"0",0,"0",0,"0",0,"0",0,"0",0,"0",0,"0",0,"0",0,"0",0,"0",0,"1","0","0","0","0","0","0","0","1","0","0","201401","Masters","Graduate School"
"Spring",5,"0",0,"0",0,"0",0,"0",0,"0",0,"0",0,"0",0,"0",0,"0",0,"0",0,"1","0","1","0","0","0","0","0","1","0","0","201603","Masters","Graduate School"
"Fall",5,"0",0,"0",0,"0",0,"0",0,"0",0,"0",0,"0",0,"0",0,"0",0,"0",0,"1","0","1","0","0","0","0","0","1","0","0","201401","Masters","Graduate School"
"Fall",6,"0",0,"0",0,"0",0,"0",0,"0",0,"0",0,"0",0,"0",0,"0",0,"0",0,"1","0","1","0","0","0","0","0","0","0","0","201501","Masters","Graduate School"
"Spring",5,"1",0.4,"1",0.4,"0",0,"0",0,"1",0.4,"1",0.4,"0",0,"0",0,"0",0,"0",0,"1","0","1","0","0","0","0","0","1","0","0","201603","Masters","Graduate School"
"Winter",5,"0",0,"0",0,"0",0,"0",0,"0",0,"0",0,"0",0,"0",0,"0",0,"0",0,"0","0","0","0","0","0","0","0","0","0","0","201502","Masters","Graduate School"
"Winter",3,"0",0,"0",0,"0",0,"0",0,"0",0,"0",0,"0",0,"0",0,"0",0,"0",0,"0","0","0","0","0","0","0","0","0","0","0","201702","Masters","Graduate School"
"Spring",6,"0",0,"0",0,"0",0,"0",0,"0",0,"0",0,"0",0,"0",0,"0",0,"0",0,"1","0","1","0","0","0","0","0","1","0","0","201703","Masters","Graduate School"
"Fall",6,"0",0,"0",0,"0",0,"0",0,"0",0,"0",0,"0",0,"0",0,"0",0,"0",0,"1","0","1","0","0","0","0","0","1","0","0","201401","Masters","Graduate School"
"Spring",5,"0",0,"0",0,"0",0,"0",0,"0",0,"0",0,"0",0,"0",0,"0",0,"0",0,"1","0","0","0","0","0","0","0","1","0","0","201403","Masters","Graduate School"
"Winter",3,"0",0,"0",0,"0",0,"0",0,"0",0,"0",0,"0",0,"0",0,"0",0,"0",0,"1","0","0","0","0","0","0","0","1","0","0","201402","Masters","Graduate School"
"Winter",5,"0",0,"0",0,"0",0,"0",0,"0",0,"0",0,"0",0,"0",0,"0",0,"0",0,"1","0","0","0","0","0","0","0","0","0","0","201702","Masters","Graduate School"
"Winter",11,"0",0,"0",0,"0",0,"0",0,"0",0,"0",0,"0",0,"0",0,"0",0,"0",0,"0","0","0","0","0","0","0","0","0","0","0","201402","Masters","Graduate School"
"Winter",5,"0",0,"0",0,"0",0,"0",0,"0",0,"0",0,"0",0,"0",0,"0",0,"0",0,"0","0","1","0","0","0","0","0","0","0","0","201702","Masters","Graduate School"
"Winter",5,"0",0,"0",0,"0",0,"0",0,"0",0,"0",0,"0",0,"0",0,"0",0,"0",0,"1","0","0","0","0","0","0","0","1","0","0","201402","Masters","Graduate School"
"Winter",3,"0",0,"0",0,"0",0,"0",0,"0",0,"0",0,"0",0,"0",0,"0",0,"0",0,"0","0","0","0","0","0","0","0","0","0","0","201802","Masters","Graduate School"
"Fall",3,"0",0,"0",0,"0",0,"0",0,"0",0,"0",0,"0",0,"0",0,"0",0,"0",0,"0","0","0","0","0","0","0","0","0","0","0","201901","Masters","Graduate School"
"Fall",5,"0",0,"0",0,"0",0,"0",0,"0",0,"0",0,"0",0,"0",0,"0",0,"0",0,"1","0","0","0","0","0","0","0","1","0","0","201701","Masters","Graduate School"
"Fall",6,"0",0,"0",0,"0",0,"0",0,"0",0,"0",0,"0",0,"0",0,"0",0,"0",0,"1","0","0","0","0","0","0","0","1","0","0","201401","Masters","Graduate School"
"Spring",5,"0",0,"0",0,"0",0,"0",0,"0",0,"0",0,"0",0,"0",0,"0",0,"0",0,"1","0","0","0","0","0","0","0","1","0","0","201403","Masters","Graduate School"
"Spring",5,"1",0.4,"1",0.4,"0",0,"0",0,"1",0.4,"1",0.4,"0",0,"0",0,"0",0,"0",0,"1","0","1","0","0","0","0","0","0","0","0","201703","Masters","Graduate School"
"Spring",5,"0",0,"0",0,"0",0,"0",0,"0",0,"0",0,"0",0,"0",0,"0",0,"0",0,"1","0","1","0","0","0","0","0","1","0","0","201403","Masters","Graduate School"
"Fall",6,"0",0,"0",0,"0",0,"0",0,"0",0,"0",0,"0",0,"0",0,"0",0,"0",0,"0","0","0","0","0","0","0","0","0","0","0","201501","Masters","Graduate School"
"Fall",5,"0",0,"0",0,"0",0,"0",0,"0",0,"0",0,"0",0,"0",0,"0",0,"0",0,"1","0","1","0","0","0","0","0","1","0","0","201701","Masters","Graduate School"
"Winter",5,"0",0,"0",0,"0",0,"0",0,"0",0,"0",0,"0",0,"0",0,"0",0,"0",0,"1","0","1","0","0","0","0","0","1","0","0","201402","Masters","Graduate School"
"Spring",6,"0",0,"0",0,"0",0,"0",0,"0",0,"0",0,"0",0,"0",0,"0",0,"0",0,"1","0","0","0","0","0","0","0","1","0","0","201403","Masters","Graduate School"
"Fall",6,"1",0.4,"1",0.4,"0",0,"0",0,"1",0.4,"1",0.4,"0",0,"0",0,"0",0,"0",0,"1","0","0","0","0","0","0","0","1","0","0","201401","Masters","Graduate School"
"Winter",9,"0",0,"0",0,"0",0,"0",0,"0",0,"0",0,"0",0,"0",0,"0",0,"0",0,"0","0","1","0","0","0","0","0","0","0","0","201702","Masters","Graduate School"
"Spring",3,"0",0,"0",0,"0",0,"0",0,"0",0,"0",0,"0",0,"0",0,"0",0,"0",0,"0","0","0","0","0","0","0","0","0","0","0","201703","Masters","Graduate School"
"Fall",5,"0",0,"0",0,"0",0,"0",0,"0",0,"0",0,"0",0,"0",0,"0",0,"0",0,"1","0","0","0","0","0","0","0","1","0","0","201401","Masters","Graduate School"
"Fall",13,"0",0,"0",0,"0",0,"0",0,"0",0,"0",0,"0",0,"0",0,"0",0,"0",0,"0","0","1","0","0","0","0","0","0","0","0","201701","Masters","Graduate School"
"Spring",5,"0",0,"0",0,"0",0,"0",0,"0",0,"0",0,"0",0,"0",0,"0",0,"0",0,"1","0","0","0","0","0","0","0","1","0","0","201603","Masters","Graduate School"
"Spring",5,"0",0,"0",0,"0",0,"0",0,"0",0,"0",0,"0",0,"0",0,"0",0,"0",0,"1","0","1","0","0","0","0","0","0","0","0","201503","Masters","Graduate School"
"Spring",6,"0",0,"0",0,"0",0,"0",0,"0",0,"0",0,"0",0,"0",0,"0",0,"0",0,"0","0","0","0","0","0","0","0","0","0","0","201503","Masters","Graduate School"
"Fall",3,"0",0,"0",0,"0",0,"0",0,"0",0,"0",0,"0",0,"0",0,"0",0,"0",0,"1","0","0","0","0","0","0","0","1","0","0","201801","Masters","Graduate School"
"Fall",3,"0",0,"0",0,"0",0,"0",0,"0",0,"0",0,"0",0,"0",0,"0",0,"0",0,"1","0","0","0","0","0","0","0","1","0","0","201601","Masters","Graduate School"
"Fall",3,"0",0,"0",0,"0",0,"0",0,"0",0,"0",0,"0",0,"0",0,"0",0,"0",0,"1","0","0","0","0","0","0","0","1","0","0","201601","Masters","Graduate School"
"Spring",5,"0",0,"0",0,"0",0,"0",0,"0",0,"0",0,"0",0,"0",0,"0",0,"0",0,"1","0","0","0","0","0","0","0","0","0","0","201503","Masters","Graduate School"
"Fall",5,"0",0,"0",0,"0",0,"0",0,"0",0,"0",0,"0",0,"0",0,"0",0,"0",0,"0","0","1","0","0","0","0","0","0","0","0","201501","Masters","Graduate School"
"Winter",5,"0",0,"0",0,"0",0,"0",0,"0",0,"0",0,"0",0,"0",0,"0",0,"0",0,"1","0","0","0","0","0","0","0","1","0","0","201802","Masters","Graduate School"
"Fall",5,"0",0,"0",0,"0",0,"0",0,"0",0,"0",0,"0",0,"0",0,"0",0,"0",0,"1","0","1","0","0","0","0","0","0","0","0","201701","Masters","Graduate School"
"Spring",5,"0",0,"0",0,"0",0,"0",0,"0",0,"0",0,"0",0,"0",0,"0",0,"0",0,"1","0","1","0","0","0","0","0","1","0","0","201403","Masters","Graduate School"
"Fall",5,"0",0,"0",0,"0",0,"0",0,"0",0,"0",0,"0",0,"0",0,"0",0,"0",0,"1","0","1","0","0","0","0","0","0","0","0","201501","Masters","Graduate School"
"Fall",6,"0",0,"0",0,"0",0,"0",0,"0",0,"0",0,"0",0,"0",0,"0",0,"0",0,"0","0","1","0","0","0","0","0","0","0","0","201501","Masters","Graduate School"
"Winter",5,"0",0,"0",0,"0",0,"0",0,"0",0,"0",0,"0",0,"0",0,"0",0,"0",0,"1","0","1","0","0","0","0","0","1","0","0","201402","Masters","Graduate School"
"Fall",6,"0",0,"0",0,"0",0,"0",0,"0",0,"0",0,"0",0,"0",0,"0",0,"0",0,"0","0","0","0","0","0","0","0","0","0","0","201501","Masters","Graduate School"
"Fall",5,"0",0,"0",0,"0",0,"0",0,"0",0,"0",0,"0",0,"0",0,"0",0,"0",0,"0","0","0","0","0","0","0","0","0","0","0","201701","Masters","Graduate School"
"Fall",6,"0",0,"0",0,"0",0,"0",0,"0",0,"0",0,"0",0,"0",0,"0",0,"0",0,"0","0","1","0","0","0","0","0","0","0","0","201501","Masters","Graduate School"
"Winter",5,"0",0,"0",0,"0",0,"0",0,"0",0,"0",0,"0",0,"0",0,"0",0,"0",0,"1","0","0","0","0","0","0","0","0","0","0","201802","Masters","Graduate School"
"Winter",5,"0",0,"0",0,"0",0,"0",0,"0",0,"0",0,"0",0,"0",0,"0",0,"0",0,"1","0","1","0","0","0","0","0","1","0","0","201402","Masters","Graduate School"
"Spring",5,"0",0,"0",0,"0",0,"0",0,"0",0,"0",0,"0",0,"0",0,"0",0,"0",0,"0","0","0","0","0","0","0","0","0","0","0","201503","Masters","Graduate School"
"Spring",5,"0",0,"0",0,"0",0,"0",0,"0",0,"0",0,"0",0,"0",0,"0",0,"0",0,"1","0","1","0","0","0","0","0","0","0","0","201803","Masters","Graduate School"
"Winter",5,"1",0.4,"1",0.4,"0",0,"0",0,"1",0.4,"1",0.4,"0",0,"0",0,"0",0,"0",0,"1","0","0","0","0","0","0","0","1","0","0","201402","Masters","Graduate School"
"Winter",5,"0",0,"0",0,"0",0,"0",0,"0",0,"0",0,"0",0,"0",0,"0",0,"0",0,"0","0","0","0","0","0","0","0","0","0","0","201702","Masters","Graduate School"
"Spring",6,"0",0,"0",0,"0",0,"0",0,"0",0,"0",0,"0",0,"0",0,"0",0,"0",0,"1","0","1","0","0","0","0","0","1","0","0","201503","Masters","Graduate School"
"Winter",5,"0",0,"0",0,"0",0,"0",0,"0",0,"0",0,"0",0,"0",0,"0",0,"0",0,"1","0","0","0","0","0","0","0","1","0","0","201402","Masters","Graduate School"
"Spring",5,"0",0,"0",0,"0",0,"0",0,"0",0,"0",0,"0",0,"0",0,"0",0,"0",0,"0","0","0","0","0","0","0","0","0","0","0","201703","Masters","Graduate School"
"Fall",5,"0",0,"0",0,"0",0,"0",0,"0",0,"0",0,"0",0,"0",0,"0",0,"0",0,"1","0","0","0","0","0","0","0","1","0","0","201601","Masters","Graduate School"
"Winter",5,"0",0,"0",0,"0",0,"0",0,"0",0,"0",0,"0",0,"0",0,"0",0,"0",0,"1","0","1","0","0","0","0","0","1","0","0","201602","Masters","Graduate School"
"Winter",5,"0",0,"0",0,"0",0,"0",0,"0",0,"0",0,"0",0,"0",0,"0",0,"0",0,"1","0","0","0","0","0","0","0","0","0","0","201802","Masters","Graduate School"
"Fall",6,"0",0,"0",0,"0",0,"0",0,"0",0,"0",0,"0",0,"0",0,"0",0,"0",0,"1","0","0","0","0","0","0","0","1","0","0","201401","Masters","Graduate School"
"Spring",8,"0",0,"0",0,"0",0,"0",0,"0",0,"0",0,"0",0,"0",0,"0",0,"0",0,"1","0","0","0","0","0","0","0","1","0","0","201403","Masters","Graduate School"
"Fall",5,"0",0,"0",0,"0",0,"0",0,"0",0,"0",0,"0",0,"0",0,"0",0,"0",0,"1","0","0","0","0","0","0","0","0","0","0","201901","Masters","Graduate School"
"Fall",3,"0",0,"0",0,"0",0,"0",0,"0",0,"0",0,"0",0,"0",0,"0",0,"0",0,"1","0","0","0","0","0","0","0","0","0","0","201901","Masters","Graduate School"
"Spring",5,"0",0,"0",0,"0",0,"0",0,"0",0,"0",0,"0",0,"0",0,"0",0,"0",0,"0","0","0","0","0","0","0","0","0","0","0","201503","Masters","Graduate School"
"Fall",6,"0",0,"0",0,"0",0,"0",0,"0",0,"0",0,"0",0,"0",0,"0",0,"0",0,"0","0","1","0","0","0","0","0","0","0","0","201501","Masters","Graduate School"
"Spring",5,"0",0,"0",0,"0",0,"0",0,"0",0,"0",0,"0",0,"0",0,"0",0,"0",0,"0","0","1","0","0","0","0","0","0","0","0","201503","Masters","Graduate School"
"Fall",6,"0",0,"0",0,"0",0,"0",0,"0",0,"0",0,"0",0,"0",0,"0",0,"0",0,"1","0","1","0","0","0","0","0","1","0","0","201401","Masters","Graduate School"
"Spring",6,"0",0,"0",0,"0",0,"0",0,"0",0,"0",0,"0",0,"0",0,"0",0,"0",0,"1","0","0","0","0","0","0","0","0","0","0","201703","Masters","Graduate School"
"Winter",10,"0",0,"0",0,"0",0,"0",0,"0",0,"0",0,"0",0,"0",0,"0",0,"0",0,"0","0","1","0","0","0","0","0","0","0","0","201502","Masters","Graduate School"
"Spring",5,"0",0,"0",0,"0",0,"0",0,"0",0,"0",0,"0",0,"0",0,"0",0,"0",0,"1","0","0","0","0","0","0","0","1","0","0","201403","Masters","Graduate School"
"Winter",5,"0",0,"0",0,"0",0,"0",0,"0",0,"0",0,"0",0,"0",0,"0",0,"0",0,"0","0","1","0","0","0","0","0","0","0","0","201702","Masters","Graduate School"
"Fall",3,"0",0,"0",0,"0",0,"0",0,"0",0,"0",0,"0",0,"0",0,"0",0,"0",0,"0","0","0","0","0","0","0","0","0","0","0","201501","Masters","Graduate School"
"Fall",5,"0",0,"0",0,"0",0,"0",0,"0",0,"0",0,"0",0,"0",0,"0",0,"0",0,"0","0","0","0","0","0","0","0","0","0","0","201501","Masters","Graduate School"
"Winter",5,"0",0,"0",0,"0",0,"0",0,"0",0,"0",0,"0",0,"0",0,"0",0,"0",0,"1","0","1","0","0","0","0","0","1","0","0","201602","Masters","Graduate School"
"Winter",9,"0",0,"0",0,"0",0,"0",0,"0",0,"0",0,"0",0,"0",0,"0",0,"0",0,"0","0","1","0","0","0","0","0","0","0","0","201802","Masters","Graduate School"
"Spring",6,"0",0,"0",0,"0",0,"0",0,"0",0,"0",0,"0",0,"0",0,"0",0,"0",0,"0","0","1","0","0","0","0","0","0","0","0","201703","Masters","Graduate School"
"Fall",5,"0",0,"0",0,"0",0,"0",0,"0",0,"0",0,"0",0,"0",0,"0",0,"0",0,"0","0","0","0","0","0","0","0","0","0","0","201701","Masters","Graduate School"
"Winter",5,"0",0,"0",0,"0",0,"0",0,"0",0,"0",0,"0",0,"0",0,"0",0,"0",0,"1","0","0","0","0","0","0","0","1","0","0","201402","Masters","Graduate School"
"Spring",5,"0",0,"0",0,"0",0,"0",0,"0",0,"0",0,"0",0,"0",0,"0",0,"0",0,"1","0","1","0","0","0","0","0","1","0","0","201603","Masters","Graduate School"
"Spring",5,"0",0,"0",0,"0",0,"0",0,"0",0,"0",0,"0",0,"0",0,"0",0,"0",0,"1","0","1","0","0","0","0","0","0","0","0","201803","Masters","Graduate School"
"Fall",7,"0",0,"0",0,"0",0,"0",0,"0",0,"0",0,"0",0,"0",0,"0",0,"0",0,"0","0","1","0","0","0","0","0","0","0","0","201501","Masters","Graduate School"
"Spring",5,"0",0,"0",0,"0",0,"0",0,"0",0,"0",0,"0",0,"0",0,"0",0,"0",0,"1","0","0","0","0","0","0","0","1","0","0","201403","Masters","Graduate School"
"Spring",6,"0",0,"0",0,"0",0,"0",0,"0",0,"0",0,"0",0,"0",0,"0",0,"0",0,"1","0","1","0","0","0","0","0","1","0","0","201403","Masters","Graduate School"
"Winter",5,"0",0,"0",0,"0",0,"0",0,"0",0,"0",0,"0",0,"0",0,"0",0,"0",0,"0","0","0","0","0","0","0","0","0","0","0","201902","Masters","Graduate School"
"Winter",3,"0",0,"0",0,"0",0,"0",0,"0",0,"0",0,"0",0,"0",0,"0",0,"0",0,"0","0","0","0","0","0","0","0","0","0","0","201502","Masters","Graduate School"
"Spring",4,"0",0,"0",0,"0",0,"0",0,"0",0,"0",0,"0",0,"0",0,"0",0,"0",0,"1","0","0","0","0","0","0","0","1","0","0","201403","Masters","Graduate School"
"Spring",6,"0",0,"0",0,"0",0,"0",0,"0",0,"0",0,"0",0,"0",0,"0",0,"0",0,"1","0","0","0","0","0","0","0","1","0","0","201403","Masters","Graduate School"
"Spring",3,"0",0,"0",0,"0",0,"0",0,"0",0,"0",0,"0",0,"0",0,"0",0,"0",0,"0","0","0","0","0","0","0","0","0","0","0","201803","Masters","Graduate School"
"Winter",3,"0",0,"0",0,"0",0,"0",0,"0",0,"0",0,"0",0,"0",0,"0",0,"0",0,"1","0","0","0","0","0","0","0","1","0","0","201602","Masters","Graduate School"
"Winter",3,"0",0,"0",0,"0",0,"0",0,"0",0,"0",0,"0",0,"0",0,"0",0,"0",0,"1","0","0","0","0","0","0","0","1","0","0","201402","Masters","Graduate School"
"Fall",6,"0",0,"0",0,"0",0,"0",0,"0",0,"0",0,"0",0,"0",0,"0",0,"0",0,"1","0","1","0","0","0","0","0","0","0","0","201501","Masters","Graduate School"
"Winter",5,"0",0,"0",0,"0",0,"0",0,"0",0,"0",0,"0",0,"0",0,"0",0,"0",0,"1","0","1","0","0","0","0","0","1","0","0","201602","Masters","Graduate School"
"Winter",6,"0",0,"0",0,"0",0,"0",0,"0",0,"0",0,"0",0,"0",0,"0",0,"0",0,"1","0","1","0","0","0","0","0","1","0","0","201602","Masters","Graduate School"
"Winter",5,"0",0,"0",0,"0",0,"0",0,"0",0,"0",0,"0",0,"0",0,"0",0,"0",0,"0","0","1","0","0","0","0","0","0","0","0","201502","Masters","Graduate School"
"Winter",5,"0",0,"0",0,"0",0,"0",0,"0",0,"0",0,"0",0,"0",0,"0",0,"0",0,"1","0","0","0","0","0","0","0","1","0","0","201402","Masters","Graduate School"
"Fall",6,"0",0,"0",0,"0",0,"0",0,"0",0,"0",0,"0",0,"0",0,"0",0,"0",0,"1","0","0","0","0","0","0","0","1","0","0","201401","Masters","Graduate School"
"Winter",10,"0",0,"0",0,"0",0,"0",0,"0",0,"0",0,"0",0,"0",0,"0",0,"0",0,"0","0","0","0","0","0","0","0","0","0","0","201702","Masters","Graduate School"
"Spring",16,"0",0,"0",0,"0",0,"0",0,"0",0,"0",0,"0",0,"0",0,"0",0,"0",0,"0","0","0","0","0","0","0","0","0","0","0","201903","Masters","Graduate School"
"Winter",5,"0",0,"0",0,"0",0,"0",0,"0",0,"0",0,"0",0,"0",0,"0",0,"0",0,"0","0","0","0","0","0","0","0","0","0","0","201502","Masters","Graduate School"
"Spring",6,"0",0,"0",0,"0",0,"0",0,"0",0,"0",0,"0",0,"0",0,"0",0,"0",0,"1","0","1","0","0","0","0","0","1","0","0","201403","Masters","Graduate School"
"Winter",11,"0",0,"0",0,"0",0,"0",0,"0",0,"0",0,"0",0,"0",0,"0",0,"0",0,"0","0","0","0","0","0","0","0","0","0","0","201402","Masters","Graduate School"
"Spring",3,"0",0,"0",0,"0",0,"0",0,"0",0,"0",0,"0",0,"0",0,"0",0,"0",0,"1","0","0","0","0","0","0","0","1","0","0","201603","Masters","Graduate School"
"Winter",9,"0",0,"0",0,"0",0,"0",0,"0",0,"0",0,"0",0,"0",0,"0",0,"0",0,"1","0","1","0","0","0","0","0","1","0","0","201402","Masters","Graduate School"
"Winter",5,"0",0,"0",0,"0",0,"0",0,"0",0,"0",0,"0",0,"0",0,"0",0,"0",0,"0","0","0","0","0","0","0","0","0","0","0","201502","Masters","Graduate School"
"Fall",6,"0",0,"0",0,"0",0,"0",0,"0",0,"0",0,"0",0,"0",0,"0",0,"0",0,"0","0","0","0","0","0","0","0","0","0","0","201501","Masters","Graduate School"
"Winter",5,"0",0,"0",0,"0",0,"0",0,"0",0,"0",0,"0",0,"0",0,"0",0,"0",0,"1","0","0","0","0","0","0","0","1","0","0","201402","Masters","Graduate School"
"Winter",5,"0",0,"0",0,"0",0,"0",0,"0",0,"0",0,"0",0,"0",0,"0",0,"0",0,"0","0","1","0","0","0","0","0","0","0","0","201502","Masters","Graduate School"
"Winter",5,"0",0,"0",0,"0",0,"0",0,"0",0,"0",0,"0",0,"0",0,"0",0,"0",0,"1","0","1","0","0","0","0","0","1","0","0","201602","Masters","Graduate School"
"Spring",6,"0",0,"0",0,"0",0,"0",0,"0",0,"0",0,"0",0,"0",0,"0",0,"0",0,"1","0","1","0","0","0","0","0","1","0","0","201603","Masters","Graduate School"
"Spring",5,"0",0,"0",0,"0",0,"0",0,"0",0,"0",0,"0",0,"0",0,"0",0,"0",0,"0","0","1","0","0","0","0","0","0","0","0","201703","Masters","Graduate School"
"Spring",5,"0",0,"0",0,"0",0,"0",0,"0",0,"0",0,"0",0,"0",0,"0",0,"0",0,"1","0","1","0","0","0","0","0","1","0","0","201603","Masters","Graduate School"
"Fall",5,"0",0,"0",0,"0",0,"0",0,"0",0,"0",0,"0",0,"0",0,"0",0,"0",0,"0","0","1","0","0","0","0","0","0","0","0","201701","Masters","Graduate School"
"Winter",3,"0",0,"0",0,"0",0,"0",0,"0",0,"0",0,"0",0,"0",0,"0",0,"0",0,"0","0","0","0","0","0","0","0","0","0","0","201902","Masters","Graduate School"
"Fall",5,"0",0,"0",0,"0",0,"0",0,"0",0,"0",0,"0",0,"0",0,"0",0,"0",0,"1","0","0","0","0","0","0","0","1","0","0","201601","Masters","Graduate School"
"Fall",5,"0",0,"0",0,"0",0,"0",0,"0",0,"0",0,"0",0,"0",0,"0",0,"0",0,"0","0","0","0","0","0","0","0","0","0","0","201701","Masters","Graduate School"
"Fall",2,"0",0,"0",0,"0",0,"0",0,"0",0,"0",0,"0",0,"0",0,"0",0,"0",0,"0","0","0","0","0","0","0","0","0","0","0","201901","Masters","Graduate School"
